204
347
496
540
587
588
589
591
592
667
669
710
729
814
857
908
909
960
985
1245
1267
1332
1364
1365
1366
1367
1372
1393
1488
1532
1876
1905
1906
1907
1941
1952
2115
2122
2159
2193
2822
2841
2904
2938
2940
3030
3047
3050
3056
3312
3909
3914
3915
3918
3923
3929
3950
3954
4075
4107
4182
4185
4189
4190
4192
4252
4420
4449
4471
4493
4498
4541
4657
4671
4789
4934
4970
4971
4972
5021
5048
5107
5129
5199
5203
5348
5376
5382
5383
5384
5386
5389
5390
5391
5392
5393
5394
5396
5398
5409
5416
5418
5423
5424
5425
5427
5430
5431
5435
5436
5438
5440
5516
5587
5598
5601
5602
5604
5605
5607
5608
5609
5619
5620
5621
5623
5625
5631
5634
5636
5660
5689
5718
6175
6323
6398
6814
6822
6856
6958
7089
7157
7158
7159
7164
7171
7173
7178
7179
7239
7439
7485
7557
7685
7862
7864
7866
8051
8128
8150
8153
8268
8303
8304
8334
8554
8619
8625
8666
8667
8670
8787
8798
9078
9139
9205
9206
9231
9307
9376
9485
9643
9662
9750
9790
9807
9844
9861
9966
10063
10144
10231
10306
10508
10601
10631
10672
10674
10712
10887
10907
10989
11038
11090
11162
11270
11333
11338
11398
11404
11424
11442
11480
11481
11491
11553
11657
11660
11674
11687
11724
11881
12105
12172
12218
12222
12441
12508
12615
12740
12817
12914
13268
13288
13352
13421
13613
13662
13671
13680
13739
13860
13929
13959
13963
13966
13970
13996
14015
14151
14174
14210
14347
14351
14508
14577
14812
14875
15013
15039
15117
15144
15187
15359
15719
15835
15888
15945
16082
16121
16182
16238
16291
16292
16338
16368
16395
16474
16530
16641
16678
16712
16746
16789
16790
16791
16792
16948
16959
16960
17007
17035
17042
17078
17119
17126
17129
17333
17352
17354
17434
17872
17884
17889
17902
17951
17952
18021
18032
18038
18343
18383
18401
18486
18509
18555
18597
18598
18617
18707
18730
18786
18789
18806
18813
18834
18920
19024
19031
19211
19450
19452
19522
19537
19683
19709
19787
19855
19883
19977
19990
20062
20416
20467
20513
20573
20610
20625
20632
20697
20725
20736
20782
20800
20868
20895
20985
21114
21275
21286
21349
21435
21489
21500
21687
21689
21690
21783
21826
21871
21891
21896
21927
22073
22105
22128
22251
22299
22337
22338
22447
22450
22481
22531
22580
22589
22772
22840
23031
23033
23046
23151
23247
23446
23483
23557
23652
23733
23742
23749
23809
23815
23830
23843
23849
24010
24052
24065
24184
24237
24271
24331
24347
24368
24506
24576
24672
24716
24725
24835
24837
24839
24847
24862
24905
24919
24922
24992
24997
25021
25044
25161
25357
25368
25373
25440
25441
25464
25549
25615
25618
25629
25669
25711
25754
25782
25783
25784
25786
25789
25792
25809
25810
25811
25872
25955
26028
26055
26084
26087
26138
26146
26210
26217
26371
26402
26470
26477
26499
26506
26517
26523
26573
26720
26737
26809
26974
26999
27096
27114
27119
27164
27177
27193
27205
27279
27363
27464
27503
27619
27897
27916
27930
27966
28022
28041
28082
28099
28121
28171
28320
28388
28455
28585
28672
28883
29037
29098
29101
29164
29284
29316
29353
29368
29489
29562
29649
29660
29734
29748
29762
29889
29905
29915
29960
30015
30076
30176
30212
30225
30279
30348
30458
30594
30617
30625
30659
30965
31191
31320
31572
31865
31921
31945
32156
32220
32308
32309
32311
32313
32318
32511
32515
32606
32646
32647
32667
32729
32822
32942
33075
33141
33372
33832
33838
33842
33855
33968
34190
34265
34530
34646
34651
34767
34814
34819
34837
35031
35052
35115
35217
35398
35682
35766
35848
35961
36040
36045
36077
36165
36260
36308
36481
36620
36680
36687
36694
36724
36824
36830
36886
36962
37130
37148
37150
37173
37193
37201
37340
37377
37458
37461
37540
37610
37778
37779
37785
37910
37974
38089
38090
38205
38207
38239
38302
38685
38740
38742
38775
38787
38790
38791
38792
38793
38796
38798
38799
38800
38801
38803
38804
38805
38806
38825
39317
39411
39481
39594
39670
39724
39726
39744
40094
40263
40285
40491
40525
40831
41029
41336
41366
41496
41630
41678
41768
41831
41839
41840
41928
42002
42029
42318
42422
42429
42501
42544
42613
42657
42718
42724
42726
42755
42764
42784
42799
42803
42821
42870
42906
42918
42942
43020
43095
43107
43303
43329
43360
43374
43467
43605
43667
43762
43832
43946
44085
44143
44461
44597
44764
44770
44771
44773
44882
44890
44894
44898
45089
45174
45202
45443
45687
45739
45767
45770
45771
45772
45773
45779
45780
46002
46081
46110
46185
46301
46341
46389
46569
46581
46605
46606
46609
46618
46624
46638
46924
47138
47285
47379
47397
47421
47457
47520
47535
47617
47714
48018
48032
48112
48178
48239
48301
48388
48497
48593
48623
48646
48660
48663
48761
48768
48778
48794
48821
48894
48983
49045
49164
49255
49347
49430
49461
49535
49648
49682
49735
49944
50128
50407
50422
50479
50665
50738
51089
51115
51146
51186
51207
51233
51293
51337
51438
51456
51518
51583
51589
51728
51826
51900
51999
52088
52148
52161
52172
52202
52236
52253
52378
52474
52488
52489
52496
52702
52904
53067
53091
53104
53277
53296
53334
53364
53407
53417
53444
53447
53677
53684
53711
53790
53791
54056
54156
54178
54216
54226
54258
54325
54405
54563
54870
54875
55271
55334
55363
55374
55399
55442
55450
55558
55702
55720
55771
55794
55971
56308
56510
56577
56824
56842
56847
56858
56909
56932
57006
57607
57612
57648
57699
57702
57718
57735
57881
57923
57924
58059
58079
58106
58309
58415
58847
58991
59261
59264
59405
59516
59519
59552
59578
59679
59730
60114
60233
60238
60488
60600
60754
60759
60782
60802
60814
60816
61153
61190
61344
61524
61749
61768
61831
61965
61972
62196
62261
62312
62366
62376
62420
62599
62669
62777
62780
62794
62824
62925
62927
63180
63385
63597
63780
63822
63850
63867
64080
64177
64190
64191
64280
64486
64622
64711
64993
65313
65344
65504
65713
65773
65889
65917
65950
65957
65962
66342
66649
66657
66692
66784
66825
66940
67193
67195
67326
67938
67992
68032
68174
68175
68620
68692
68694
68768
68808
68972
69047
69069
69097
69122
69159
69460
69606
69609
69631
69641
69706
69708
69866
69868
70050
70089
70396
70553
70571
70699
70724
70799
70813
70848
70852
70853
70979
71132
71176
71236
71311
71405
71415
71446
71461
71469
71541
71704
71920
71964
72223
72275
72572
72627
72778
72852
72960
73030
73368
73370
73381
73552
73838
73840
74198
74350
74396
74436
74693
74865
75062
75083
75104
75443
75490
75520
75524
75659
75859
75923
76016
76159
76160
76267
76366
76501
76504
76642
76661
76843
77167
77398
77446
77464
77515
77550
77640
77645
77685
77688
77748
77749
77834
77909
78151
78239
78318
78347
78397
78489
78648
78682
78729
78848
78868
78896
79065
79195
79311
79421
79576
79752
79962
79978
80321
80409
80410
80415
80499
80571
80586
80687
80965
81113
81230
81391
81467
81492
81499
81578
81611
81612
81727
81848
82013
82089
82098
82234
82239
82320
82356
82361
82579
82586
82592
82648
82672
82673
82739
82930
83024
83038
83206
83213
83243
83534
83546
83562
83704
83723
83838
83994
84010
84036
84449
84469
84477
85255
85312
85341
85382
85531
85647
85685
85832
85857
85973
86119
86272
86296
86392
86442
86533
86541
86567
86583
86867
87008
87042
87060
87080
87087
87096
87161
87171
87260
87278
87318
87339
87364
87385
87416
87418
87635
87665
87697
87698
87703
87797
87798
87834
87836
87842
87859
87866
87869
87878
87953
87977
88171
88197
88270
88325
88326
88327
88394
88491
88590
88662
88710
88904
89124
89229
89274
89280
89316
89390
89412
89467
89599
89667
89709
89742
89787
89790
89811
89839
89856
89857
90112
90176
90190
90212
90261
90266
90273
90420
90454
90762
90823
90921
90964
90988
91064
91196
91235
91237
91371
91378
91413
91448
91585
91722
91756
91872
91992
92063
92125
92141
92270
92340
92362
92421
92432
92459
92513
92584
92589
92620
92745
93027
93090
93222
93226
93229
93237
93267
93272
93327
93332
93415
93548
93567
93618
93905
93912
94187
94301
94305
94315
94527
94528
94557
94564
94596
94599
94607
94609
94749
94780
94807
95058
95072
95165
95167
95238
95283
95303
95314
95376
95380
95461
95701
95924
96366
96459
96511
96548
96626
96719
96746
96821
96823
96837
96884
96990
97034
97041
97104
97264
97285
97286
97441
97504
97505
97640
97659
97703
97734
97738
97741
97768
97809
97815
97893
97899
97914
97921
97944
97986
97993
98018
98046
98053
98102
98175
98202
98236
98327
98343
98367
98493
98498
98528
98603
98698
98893
98939
99028
99092
99157
99184
99205
99241
99397
99449
99619
99789
99808
99840
99860
99876
100001
100026
100032
100061
100065
100076
100203
100375
100445
100511
100588
100601
100624
100672
100854
100863
100870
100874
100941
100968
100997
101125
101133
101187
101329
101331
101418
101484
101564
101590
101682
101761
101790
101829
101935
101995
102028
102071
102097
102216
102270
102394
102429
102586
102613
102627
102707
102758
102840
102846
102861
102871
102955
103010
103104
103174
103190
103207
103208
103218
103234
103241
103244
103246
103250
103251
103274
103358
103364
103394
103427
103469
103527
103535
103634
103694
103808
103947
104018
104089
104163
104174
104176
104203
104214
104228
104353
104374
104389
104416
104454
104486
104519
104538
104548
104576
104679
104745
104757
104758
104772
104785
104989
105075
105099
105114
105153
105167
105189
105202
105245
105271
105304
105387
105400
105490
105506
105522
105529
105540
105598
105610
105652
105680
105758
105789
105807
105833
105893
105959
105999
106065
106170
106225
106624
106651
106655
106669
106675
106818
106819
106872
106888
106890
107035
107043
107049
107087
107122
107168
107229
107248
107284
107404
107505
107513
107588
107743
107907
107932
107952
107956
108164
108201
108206
108267
108300
108414
108506
108520
108534
108543
108637
108710
108914
108943
109018
109055
109068
109070
109072
109117
109125
109143
109292
109358
109365
109386
109595
109650
109660
109677
109691
109755
109833
109840
109896
109910
109975
110080
110210
110236
110373
110405
110419
110669
110718
110782
110811
110828
110878
110888
111004
111102
111111
111127
111168
111297
111357
111366
111383
111443
111499
111581
111650
111737
111740
111743
111926
111945
111974
111984
112084
112167
112239
112252
112263
112430
112803
112870
112876
112957
112970
113005
113144
113205
113262
113272
113291
113293
113297
113515
113525
113532
113568
113674
113681
113693
113708
113709
113712
113897
114004
114010
114092
114137
114256
114288
114310
114315
114340
114366
114392
114533
114551
114570
114673
114729
114751
114782
114840
114845
114849
114867
114946
114999
115019
115036
115080
115251
115276
115356
115360
115407
115448
115477
115480
115506
115580
115694
115733
115804
115941
115949
115950
115998
115999
116257
116294
116506
116561
116584
116694
116696
116818
116848
116850
116960
117141
117155
117157
117158
117183
117184
117201
117438
117451
117452
117479
117480
117515
117953
117986
118127
118209
118211
118303
118324
118328
118348
118364
118374
118375
118389
118441
118492
118547
118624
118695
118697
118710
118823
118840
118906
118907
118955
118995
119007
119027
119080
119101
119111
119140
119160
119166
119268
119375
119379
119448
119473
119593
119636
119700
119754
119783
119999
120011
120074
120081
120083
120107
120118
120124
120176
120182
120386
120477
120478
120631
120677
120685
120722
120790
120833
121160
121309
121353
121363
121396
121402
121463
121537
121752
122012
122153
122334
122405
122591
122606
122657
122658
122661
122670
122709
122779
122843
122844
122868
122874
122878
123064
123122
123191
123260
123291
123307
123315
123319
123403
123479
123493
123559
123617
123673
123718
123728
123740
123774
123817
123970
124016
124052
124076
124167
124187
124201
124203
124518
124638
124654
124666
124685
124757
124775
124776
124812
124813
124820
124975
125040
125189
125273
125332
125376
125466
125545
125699
125708
126010
126129
126148
126271
126287
126435
126519
126525
126631
126679
126708
126739
126751
126793
126885
126903
127040
127127
127180
127203
127265
127288
127850
127895
127959
127973
128108
128203
128275
128294
128301
128357
128384
128481
128500
128513
128573
128756
128808
128852
128877
128997
129113
129146
129150
129165
129205
129483
129554
129688
129764
129786
129790
129825
129928
129933
130009
130034
130044
130078
130083
130096
130162
130169
130500
130571
130618
130748
130776
130777
130926
131069
131094
131112
131136
131266
131277
131376
131418
131707
131710
131747
131795
131831
131913
131959
131996
132095
132134
132305
132364
132367
132493
132554
132589
132659
132667
133148
133224
133242
133243
133253
133307
133336
133394
133401
133692
133704
133827
134089
134090
134101
134124
134151
134155
134156
134160
134285
134293
134322
134337
134403
134414
134419
134430
134445
134446
134456
134513
134584
134686
134794
134820
134842
134988
135033
135234
135311
135349
135525
135568
135585
135593
135610
135641
135673
135781
135807
135873
136009
136025
136067
136372
136410
136474
136481
136512
136668
136929
137015
137106
137139
137171
137179
137219
137234
137356
137361
137364
137378
137444
137689
137830
137892
137945
137999
138006
138019
138088
138109
138124
138265
138355
138363
138410
138494
138562
138726
138925
138962
138969
139033
139035
139156
139339
139362
139493
139549
139646
139698
139858
139878
139897
139929
139950
140077
140181
140425
140467
140617
140631
140644
140821
140835
141012
141043
141050
141207
141268
141333
141342
141376
141377
141394
141408
141419
141448
141485
141753
141835
141884
142048
142049
142113
142127
142273
142320
142346
142384
142421
142530
142607
142633
142663
142698
142710
142810
142817
142879
143017
143035
143324
143329
143362
143418
143421
143424
143435
143472
143475
143479
143529
143543
143551
143574
143718
143753
143881
143910
143934
143981
144061
144142
144157
144328
144389
144402
144507
144564
144685
144688
144716
144739
144752
144795
144824
144836
144847
144890
144993
145037
145152
145153
145204
145336
145383
145486
145554
145601
145663
145698
145714
145729
145753
145771
145887
145994
146032
146083
146202
146432
146456
146474
146621
146635
146696
146762
146764
146774
146814
146822
146832
146840
146941
146994
147018
147066
147130
147163
147216
147423
147430
147486
147550
147637
147648
147900
147928
147936
147994
148001
148060
148134
148190
148199
148308
148467
148519
148528
148546
148628
148759
148874
148890
148955
149087
149119
149290
149397
149483
149515
149525
149537
149667
149670
149792
149810
149948
149965
150007
150067
150069
150138
150167
150232
150334
150385
150450
150458
150496
150625
150657
150689
150693
150721
150851
150872
150891
150896
150956
150984
151034
151087
151124
151369
151473
151477
151697
151845
151960
151974
152104
152123
152142
152148
152161
152162
152331
152367
152380
152549
152673
152763
152777
152779
152788
152916
152923
152972
152997
153057
153109
153259
153548
153563
153668
153697
153736
153824
153906
153936
154076
154128
154392
154427
154445
154470
154476
154561
154567
154576
154775
154904
155157
155195
155292
155352
155354
155468
155503
155504
155520
155541
155562
155590
155631
155637
155654
155661
155702
155756
155762
155869
155915
155919
155922
155925
155978
156063
156068
156101
156171
156219
156260
156295
156297
156395
156426
156533
156592
156665
156690
156704
156727
156805
156943
157070
157092
157197
157301
157321
157426
157467
157514
157517
157584
157626
157629
157644
157663
157664
157679
157745
157837
157852
157949
157968
158014
158071
158151
158252
158388
158403
158513
158564
158575
158621
158651
158676
158849
159113
159206
159216
159227
159230
159236
159245
159248
159251
159317
159377
159525
159608
159613
159868
159954
159985
159993
160026
160140
160150
160162
160170
160224
160240
160255
160267
160422
160700
160732
160816
160818
160822
160824
160877
160955
161004
161425
161431
161498
161689
161696
161698
161708
161830
161901
161948
161965
162156
162213
162233
162235
162251
162278
162289
162317
162327
162440
162511
162744
162768
162834
162899
162902
162912
162988
163025
163044
163046
163058
163112
163291
163309
163435
163438
163469
163477
163566
163698
163732
163787
163826
163849
163920
163935
163962
163993
163994
164005
164186
164191
164239
164272
164283
164312
164386
164423
164438
164528
164576
164704
164715
164718
164730
164740
164782
164860
164864
164924
164992
165037
165040
165056
165153
165225
165280
165319
165408
165429
165440
165502
165508
165558
165559
165576
165625
165734
165758
165819
165976
166016
166041
166093
166102
166103
166105
166202
166212
166225
166304
166325
166356
166366
166383
166397
166490
166558
166577
166581
166611
166630
166742
166764
166803
166820
166934
167040
167048
167121
167138
167194
167419
167436
167450
167471
167804
167826
167922
167934
168061
168206
168219
168222
168226
168247
168270
168308
168331
168333
168414
168496
168514
168659
168710
168811
168820
168843
168846
168971
168996
169060
169305
169316
169323
169397
169477
169571
169580
169581
169615
169620
169632
169815
169816
169869
169926
170102
170134
170165
170198
170215
170221
170307
170374
170382
170474
170511
170527
170564
170577
170584
170694
170695
170712
170717
170779
170949
170957
171093
171122
171184
171207
171228
171267
171329
171349
171351
171359
171385
171394
171397
171429
171479
171541
171559
171686
171697
171741
171748
171802
171814
171827
171844
171849
171894
171898
171919
171947
171954
171972
172064
172238
172274
172349
172388
172393
172416
172419
172477
172501
172514
172526
172563
172659
172705
172706
172771
172794
172801
172837
172882
172911
172981
173032
173088
173096
173122
173274
173392
173397
173444
173519
173621
173721
173806
173937
174113
174134
174235
174262
174274
174284
174313
174511
174540
174543
174578
174580
174626
174639
174712
174865
174901
174993
175015
175031
175107
175127
175184
175320
175391
175416
175432
175543
175722
175724
175729
175774
175780
175796
175831
175866
175871
175875
175924
175928
175967
176009
176025
176108
176166
176274
176309
176380
176396
176426
176478
176575
176578
176610
176616
176618
176621
176632
176638
176651
176661
176804
176921
177069
177093
177160
177189
177240
177260
177486
177504
177506
177561
177608
177667
177744
177826
177841
177869
177993
178027
178090
178159
178248
178257
178260
178355
178625
178653
178737
178847
179170
179184
179214
179381
179416
179432
179630
179764
179821
179859
179864
179880
179890
180095
180195
180262
180367
180409
180490
180515
180664
180778
180779
180818
180825
180827
180883
180893
180923
180994
181149
181172
181192
181285
181315
181472
181506
181543
181619
181627
181742
181804
181922
181970
181976
181978
181979
181985
181993
182003
182031
182105
182113
182149
182171
182192
182193
182227
182230
182246
182281
182296
182342
182346
182424
182426
182433
182447
182450
182481
182572
182585
182609
182707
182781
182992
183073
183108
183118
183214
183260
183338
183390
183482
183579
183614
183615
183669
183683
183818
183884
183945
183962
183988
184007
184068
184089
184090
184180
184215
184221
184302
184319
184339
184413
184428
184553
184575
184781
184802
184846
184891
184933
184990
185007
185126
185153
185161
185168
185172
185246
185286
185366
185383
185646
185675
185677
185752
185918
185945
185954
186131
186171
186237
186250
186258
186261
186305
186321
186334
186363
186373
186388
186398
186414
186432
186485
186566
186695
186730
186786
186891
186999
187302
187347
187351
187449
187460
187511
187519
187539
187579
187603
187604
187643
187658
187666
187701
187741
187778
187811
187839
187857
187869
187910
187925
188033
188091
188120
188169
188213
188238
188249
188287
188294
188371
188377
188448
188471
188478
188482
188504
188622
188794
188809
188929
189014
189061
189084
189099
189100
189137
189205
189212
189244
189267
189279
189305
189306
189346
189355
189379
189430
189519
189537
189560
189586
189678
189713
189736
189758
189798
189951
189970
190007
190010
190239
190263
190339
190376
190504
190514
190597
190640
190642
190802
190840
190876
190920
190930
190939
190955
191016
191021
191087
191124
191163
191240
191313
191413
191664
191774
191835
191837
191903
191990
192014
192025
192048
192262
192343
192360
192361
192372
192417
192478
192603
192691
192763
192774
192809
192850
192937
193000
193078
193081
193106
193108
193122
193143
193147
193176
193227
193276
193483
193527
193583
193671
193922
193938
193956
194040
194159
194294
194311
194317
194321
194367
194430
194478
194536
194988
195201
195225
195380
195751
195829
195981
196057
196071
196074
196080
196091
196109
196400
196442
196467
196487
196490
196524
196647
196688
196703
196760
196836
196893
196910
196911
197102
197525
197620
197664
197692
197693
197834
197844
197904
198003
198004
198010
198050
198120
198197
198245
198342
198349
198440
198459
198469
198511
198701
198790
199026
199100
199117
199175
199296
199314
199336
199345
199350
199377
199384
199400
199425
199442
199443
199445
199450
199456
199476
199493
199500
199501
199509
199532
199560
199561
199652
199677
199854
199871
199902
199985
200020
200034
200036
200052
200150
200185
200240
200310
200509
200525
200627
200664
200746
200753
200822
201222
201227
201346
201355
201369
201382
201394
201436
201731
201886
202034
202077
202139
202224
202244
202255
202296
202320
202334
202342
202355
202359
202366
202422
202516
202639
202754
202761
202767
202821
202822
202965
203096
203101
203175
203179
203253
203349
203396
203398
203400
203474
203505
203579
203609
203620
203635
203683
203704
203727
203751
203914
204129
204213
204215
204277
204431
204466
204532
204557
204704
204705
204757
204800
204901
204932
204971
205017
205150
205160
205185
205187
205420
205523
205546
205588
205593
205635
205668
205755
206164
206223
206374
206375
206389
206463
206510
206566
206587
206671
206807
206942
207013
207081
207119
207120
207148
207154
207179
207208
207282
207353
207370
207404
207603
207633
207696
207717
208017
208050
208067
208107
208117
208118
208119
208137
208257
208290
208366
208487
208526
208546
208597
208615
208688
208706
208717
208746
208760
208837
208888
208947
208984
208988
208997
209002
209009
209048
209166
209230
209233
209236
209427
209530
209579
209587
209605
209652
209665
209755
209766
209878
210077
210173
210337
210349
210416
210539
210588
210617
210766
210779
210788
210917
210968
210975
211196
211197
211301
211330
211423
211434
211473
211571
211582
211603
211648
211676
211707
211714
211717
211762
211768
211900
211975
211984
211992
212030
212050
212098
212142
212163
212174
212430
212432
212455
212528
212537
212589
212620
212680
212710
212743
212784
212809
212900
212926
213018
213175
213181
213225
213237
213327
213373
213405
213451
213506
213513
213550
213577
213621
213669
213675
213774
213802
213803
213831
213842
213983
214009
214051
214160
214170
214178
214397
214504
214513
214577
214633
214807
214869
214892
215010
215111
215112
215215
215257
215355
215396
215561
215722
215742
215746
215911
215938
215994
216009
216111
216121
216255
216303
216330
216448
216452
216459
216473
216578
216636
216646
216666
216695
216755
216831
216969
216998
217120
217133
217208
217224
217348
217451
217458
217471
217785
217890
218001
218065
218083
218259
218297
218304
218418
218621
218700
218742
218769
218896
219158
219192
219211
219273
219325
219420
219475
219591
219731
219740
219758
219821
219830
219956
220042
220092
220120
220137
220311
220346
220356
220364
220413
220468
220501
220517
220563
220688
220689
220696
220793
220934
220974
221046
221112
221134
221270
221465
221579
221652
221684
221721
221870
222101
222157
222241
222252
222268
222479
222505
222566
222592
222626
222649
222685
222813
222837
222897
223099
223131
223159
223197
223224
223225
223230
223246
223269
223323
223390
223430
223458
223581
223617
223700
223798
223816
223856
223873
223903
223970
224075
224101
224128
224139
224186
224265
224327
224490
224493
224513
224550
224659
224674
224710
224723
224755
224765
224835
224838
224844
225049
225066
225076
225399
225418
225498
225682
225685
225787
225806
225822
225833
225968
226051
226148
226195
226250
226302
226412
226475
226528
226552
226602
226668
226805
226973
226985
227004
227037
227056
227065
227186
227337
227342
227428
227435
227446
227502
227618
227846
227875
228052
228075
228223
228228
228365
228491
228728
228751
228805
228910
228952
229044
229111
229253
229359
229429
229438
229480
229493
229555
229589
229591
229695
229769
229893
230024
230290
230373
230701
230753
230760
230766
230811
231006
231167
231203
231227
231291
231335
231652
231718
231791
231821
231829
231830
231899
232043
232061
232128
232211
232285
232297
232337
232397
232403
232474
232495
232671
232699
232898
232899
232902
232905
232994
233003
233020
233196
233262
233267
233300
233312
233313
233329
233487
233522
233538
233556
233616
233624
233700
233766
233863
233994
234103
234345
234380
234581
234750
234784
234792
235006
235043
235213
235270
235309
235600
235682
235694
235710
235724
235756
235986
236164
236174
236202
236401
236481
236515
236629
236633
236655
236708
236903
236968
237097
237147
237181
237186
237201
237210
237256
237281
237299
237508
237520
237593
237624
237648
237684
237717
237773
237798
237799
237809
237818
237872
237884
237890
237912
237956
238026
238072
238083
238138
238169
238179
238339
238468
238478
238504
238522
238561
238564
238595
238630
238724
238727
238885
239081
239166
239203
239206
239291
239338
239410
239437
239527
239788
239804
239874
240276
240336
240342
240355
240409
240433
240550
240628
240690
240721
240746
240838
240945
240965
241160
241302
241328
241339
241403
241439
241590
241594
241758
241949
241963
242030
242117
242223
242294
242296
242334
242360
242392
242493
242497
242508
242518
242625
242697
242868
242921
243088
243102
243126
243130
243172
243173
243186
243191
243194
243196
243211
243227
243231
243292
243365
243367
243384
243387
243393
243568
244128
244146
244420
244501
244658
244691
244917
245019
245098
245113
245207
245312
245822
245837
245847
246471
246528
246628
246642
246795
246951
246970
247163
247174
247496
247517
247554
247609
247763
247771
247774
247788
247868
247886
247957
247974
248073
248134
248329
248534
248653
248780
248804
248934
248935
249014
249178
249250
249276
249295
249345
249635
249642
249653
249740
249853
249897
250032
250105
250116
250154
250182
250290
250332
250346
250379
250445
250469
250503
250512
250604
250665
250689
250730
250785
250802
250846
250877
251031
251086
251107
251177
251375
251423
251432
251454
251474
251487
251530
251547
251579
251589
251642
251646
251714
251720
251745
251771
251831
251893
251899
251996
251997
252006
252024
252191
252298
252305
252385
252397
252449
252512
252536
252554
252626
252628
252657
252667
252670
252737
252739
252765
253002
253026
253466
253558
253622
253745
253809
253921
254032
254097
254169
254173
254179
254216
254451
254577
254586
254596
254691
255177
255249
255450
255453
255545
255585
255651
255678
255848
255898
256032
256033
256065
256229
256372
256435
256514
256527
256547
256604
256656
256697
256713
256745
256777
256842
256862
256872
257132
257178
257276
257295
257330
257354
257372
257413
257583
257608
257637
257913
257937
257969
257985
258017
258169
258247
258257
258350
258386
258392
258601
258603
258664
258882
258905
258939
258974
258999
259019
259054
259071
259084
259144
259262
259295
259334
259358
259373
259378
259426
259430
259466
259595
259596
259665
259748
259764
259782
259859
259977
259997
260075
260092
260155
260244
260262
260268
260269
260355
260383
260503
260508
260550
260577
260579
260589
260593
260672
260932
261032
261091
261100
261351
261377
261432
261501
261541
261648
261720
261737
261874
261929
261931
262091
262112
262184
262418
262474
262521
262527
262538
262556
262599
262601
262674
262718
262733
262774
262803
262966
262981
262983
262999
263187
263256
263286
263314
263345
263488
263575
263606
263618
263623
263624
263625
263644
263690
263711
263761
263768
264254
264414
264416
264492
264494
264617
264641
264644
264719
264900
264921
264923
264936
265069
265079
265106
265132
265150
265199
265380
265402
265408
265434
265465
265504
265532
265630
265691
265723
265726
265727
265769
265867
265869
265874
265897
265908
265912
265919
265968
266146
266211
266246
266248
266351
266520
266597
266605
266687
266726
266732
266787
266812
266813
266875
266918
266922
267171
267190
267201
267269
267405
267534
267564
267565
267586
267629
267652
267877
267880
267899
268000
268007
268017
268054
268092
268102
268211
268232
268438
268459
268531
268641
268660
268688
268780
268787
268868
269055
269100
269358
269454
269616
270004
270140
270233
270241
270259
270288
270385
270398
270480
270587
270632
270636
270717
270754
270924
270942
270955
271031
271034
271128
271130
271141
271156
271248
271311
271331
271459
271471
271485
271488
271634
271649
271700
271725
271726
271780
271882
271907
271908
271976
271983
272052
272071
272095
272112
272248
272295
272441
272519
272537
272560
272604
272686
272697
272776
272841
272846
272850
272852
272855
272858
272860
272891
272899
272943
272958
272965
272967
272979
273031
273079
273163
273167
273196
273200
273240
273267
273330
273349
273359
273363
273414
273613
273632
273761
273831
273906
273924
273972
273974
274159
274348
274354
274411
274469
274605
274679
274709
274740
274759
275068
275375
275416
275460
275521
275553
275817
275829
275891
276009
276237
276324
276325
276391
276659
276736
276826
276865
277129
277147
277178
277204
277240
277264
277380
277498
277505
277518
277571
277688
277792
277868
277936
277982
278013
278083
278107
278259
278352
278358
278422
278467
278478
278698
278847
278923
278962
279131
279213
279269
279317
279413
279462
279620
279653
279678
279679
279697
279710
279724
279735
279759
279765
279880
279974
280059
280110
280118
280135
280146
280154
280194
280320
280489
280503
280515
280593
280645
280662
280715
280727
280829
281141
281189
281215
281237
281299
281450
281520
281727
281760
281936
282014
282034
282040
282117
282121
282225
282227
282322
282355
282435
282482
282564
282617
282800
282955
282976
283009
283118
283135
283235
283271
283413
283415
283420
283453
283511
283583
283638
283680
283733
284109
284121
284249
284305
284392
284461
284522
284523
284638
284668
284672
284831
284898
284982
284983
285016
285023
285024
285025
285247
285327
285378
285412
285440
285586
285620
285660
285757
285861
285890
285930
285947
286085
286204
286252
286284
286322
286500
286581
286750
286855
286918
286966
286991
287201
287275
287285
287320
287335
287506
287584
287614
287657
287701
287731
287898
287913
288171
288189
288328
288398
288406
288426
288476
288479
288513
288519
288677
288717
288821
288848
288894
289071
289076
289087
289131
289315
289329
289338
289345
289556
289687
289785
289884
289885
289997
290044
290076
290148
290193
290207
290636
290685
290738
290802
290835
290840
291029
291146
291186
291331
291341
291399
291416
291471
291614
291661
291702
291838
291982
292037
292073
292161
292212
292218
292236
292242
292311
292491
292529
292601
292783
292980
292986
293022
293046
293068
293176
293232
293309
293632
293636
293677
293678
293712
293789
293892
293952
294033
294130
294154
294174
294466
294644
294665
294706
294895
294963
294975
294987
295188
295238
295326
295448
295543
295556
295609
295612
295672
295677
295813
295918
295937
295952
295958
295999
296005
296110
296193
296228
296375
296548
296679
296749
296765
296803
296955
296985
297104
297119
297144
297159
297165
297271
297896
297910
297997
298022
298035
298197
298199
298431
298465
298471
298474
298486
298781
298843
298923
299015
299027
299100
299110
299111
299118
299131
299187
299188
299598
299823
300021
300098
300173
300314
300340
300517
300750
300943
301092
301129
301198
301238
301350
301425
301446
301492
301512
301636
301738
301744
301748
301816
301881
302072
302126
302139
302196
302288
302303
302315
302343
302352
302386
302520
302522
302537
302560
302562
302565
302573
302634
302697
302705
302887
303219
303358
303473
303862
303892
303961
304052
304060
304068
304160
304236
304299
304365
304694
304759
304801
304899
304901
304959
304967
305010
305108
305126
305133
305182
305278
305551
305597
305600
305740
305762
305784
305788
305817
305831
305849
305917
305983
306137
306196
306234
306409
306434
306552
306640
306665
306747
306750
306775
306902
307026
307104
307349
307407
307508
307560
307616
307760
307840
308087
308131
308166
308187
308195
308270
308349
308353
308418
308450
308473
308628
308674
308690
308692
309004
309040
309084
309123
309202
309247
309510
309559
309585
309624
309671
309708
309736
309853
309958
309971
310039
310095
310146
310154
310334
310388
310393
310408
310440
310490
310494
310759
310965
311100
311125
311149
311197
311203
311308
311310
311380
311427
311445
311481
311610
311726
311868
312041
312286
312631
312751
312798
312948
312972
313004
313021
313027
313161
313218
313453
313484
313489
313500
313516
313797
313838
313913
314190
314196
314206
314364
314454
314485
314511
314737
314907
315180
315361
315398
315777
315874
315875
315878
316100
316139
316279
316306
316539
316595
316743
316810
316849
317009
317121
317628
317862
317899
317979
317988
318058
318114
318182
318229
318267
318302
318330
318408
318586
318619
318645
318733
318770
319013
319496
319860
319909
319982
320026
320115
320135
320151
320181
320359
320373
320468
320469
320505
320527
320534
320538
320554
320904
320924
320951
321152
321267
321310
321442
321465
321472
321498
321499
321500
321518
321544
321696
321868
321893
321899
321931
322120
322181
322182
322188
322267
322274
322280
322468
322489
322637
322649
322659
322738
322926
323150
323201
323261
323296
323327
323619
323737
323748
323749
323756
324134
324178
324424
324566
324755
324836
325041
325291
325320
325415
325658
326178
326227
326243
326503
326845
326847
327102
327668
327692
327710
327865
327876
327898
328073
328109
328142
328204
328216
328355
328420
328448
328455
328601
328615
328622
328897
329002
329127
329200
329206
329431
329987
330006
330124
330376
331150
331282
331396
331451
331495
331520
331652
331750
331752
331887
331915
332212
332217
332224
332268
332319
332435
332473
332698
332727
332741
332760
332880
332909
333151
333431
333460
333656
333926
333928
333936
333946
334006
334045
334081
334153
334239
334327
334346
334403
334445
334542
334552
334573
334592
334608
334648
334733
334889
334993
335068
335227
335411
335729
335796
335914
336079
336120
336208
336315
336458
336472
336558
336585
336738
336743
336746
336751
336949
336968
337071
337096
337139
337151
337159
337183
337195
337228
337409
337626
337629
337683
337780
337781
337797
337998
338031
338041
338101
338332
338339
338364
338452
338495
338523
338648
338734
338739
338858
338890
338968
339035
339103
339181
339326
339358
339432
339554
339613
339771
339774
339864
339983
340149
340167
340217
340268
340384
340481
340584
340770
340956
340959
340960
341062
341195
341217
341261
341391
341403
341423
341593
341792
341796
341801
341926
342102
342189
342210
342225
342366
342530
342534
342541
342670
342787
342794
342902
342968
343094
343113
343134
343478
343551
343552
343642
343758
344184
344312
344601
344635
344744
344789
344863
344934
345240
345518
345604
345652
345687
345734
345917
345947
345953
345976
346036
346284
346481
346617
346780
346899
346933
347090
347298
347336
347529
347861
347906
347923
347956
347961
348028
348063
348077
348145
348167
348323
348399
348403
348594
348624
348768
348828
348876
349326
349385
349715
350173
350236
350257
350282
350362
350371
350426
350653
350699
350725
350753
350792
350839
350859
350860
350861
350887
350888
350889
350898
351000
351033
351118
351268
351276
351557
351558
351561
351572
352127
352197
352403
352515
352704
352758
352915
352951
353004
353064
353079
353275
353701
353730
353799
353801
353804
353805
353864
353894
353907
353965
353979
354001
354006
354082
354089
354098
354123
354177
354210
354214
354261
354264
354269
354281
354305
354312
354381
354464
354470
354509
354514
354747
354914
355074
355119
355154
355239
355425
355472
355569
355615
355757
355832
355901
356274
356301
356571
356575
356590
356696
356793
356823
357426
357484
357546
357675
357844
357857
357872
358006
358077
358160
358197
358248
358260
358266
358443
358529
358605
358625
358643
358664
358723
358849
359087
359109
359188
359191
359291
359292
359380
359476
359546
359629
359715
359896
359978
360042
360307
360391
360592
360676
360747
360786
360825
360899
360945
360976
361162
361220
361407
361639
361800
361870
361887
361911
361912
362014
362081
362128
362135
362139
362211
362235
362244
362252
362254
362338
362339
362345
362349
362361
362510
362747
362858
362862
362873
362912
362987
363034
363047
363198
363373
363498
363529
363554
363617
363691
363797
363878
364077
364122
364174
364303
364480
364636
364756
364786
364828
364845
364857
364963
365010
365039
365213
365216
365414
365502
365626
365665
365943
366015
366088
366166
366167
366175
366383
366408
366428
366775
366869
367161
367175
367737
368077
368364
368462
368668
368679
368945
369154
369184
369189
369255
369260
369586
369596
369637
369927
369930
370063
370164
370190
370442
370449
370568
370591
370640
370656
370748
370811
371077
371224
371232
371267
371679
371870
371923
372059
372116
372582
372802
372879
372948
372984
372990
373075
373193
373257
373295
373335
373672
373746
373834
373940
373949
373950
373975
374022
374166
374210
374284
374347
374379
374489
374631
375201
375371
375475
375543
375561
375723
375810
375864
375921
375944
376058
376266
376462
376504
376623
376645
376652
376667
376934
377057
377112
377166
377607
377676
377779
378021
378168
378247
378248
378294
378357
378811
379146
379247
379286
379360
379388
379523
379546
379555
379670
379682
379743
379933
380095
380133
380145
380197
380263
380272
380273
380300
380349
380372
381160
381585
381661
381709
381808
381904
382066
382083
382120
382142
382204
382259
382447
382512
382575
382587
382591
382632
382717
382730
382738
382813
382828
382968
383030
383067
383206
383224
383254
383485
383619
383628
383679
383778
383885
384045
384114
384118
384266
384294
384338
384409
384454
384889
384899
384941
385036
385058
385243
385310
385333
385368
385457
385474
385480
385702
385726
385768
385827
385891
385936
385941
386312
386324
386407
386460
386465
386579
386777
386796
386802
386972
386986
386993
387060
387110
387282
387290
387525
387557
387563
387587
387714
387791
387854
388019
388224
388314
388369
388396
388474
388500
388526
388544
388570
388585
388601
388638
388773
388892
388944
389050
389115
389134
389147
389163
389177
389194
389206
389238
389265
389356
389380
389394
389431
389483
389545
389702
389759
389859
389934
389966
389972
389982
390025
390095
390113
390197
390201
390310
390341
390342
390450
390463
390689
390702
390814
390903
390930
391192
391200
391273
391287
391326
391370
391377
391407
391424
391568
391571
391892
391990
392006
392035
392047
392073
392159
392297
392458
392508
392517
392529
392537
392604
392893
392937
392948
392949
392968
393011
393027
393045
393121
393211
393248
393308
393384
393443
393476
393552
393633
393637
393652
393663
393666
393675
393854
393906
394293
394300
394302
394303
394307
394326
394408
394410
394431
394519
394563
394646
394658
394727
394732
394782
394830
394907
394935
395055
395061
395185
395273
395296
395340
395501
395589
395595
395733
395860
395881
395912
395916
396037
396072
396089
396134
396152
396249
396384
396430
396461
396701
396747
396753
396788
396795
396835
396946
396970
397175
397191
397200
397317
397366
397419
397432
397468
397475
397620
397646
397666
397694
397755
397802
397936
397964
398076
398279
398305
398321
398443
398689
398690
398699
398843
399049
399159
399277
399309
399344
399523
399525
399577
399587
399729
399856
399876
399891
400060
400073
400192
400211
400218
400224
400251
400257
400377
400378
400471
400529
400533
400545
400639
400869
400958
400975
401125
401250
401427
401455
401474
401542
401693
401841
401860
402089
402186
402195
402255
402394
402540
402569
402691
402834
403026
403064
403257
403471
403638
403731
403774
403937
404047
404050
404207
404213
404220
404226
404254
404308
404318
404327
404449
404481
404547
404568
404617
404648
404752
404877
405011
405026
406177
407660
407686
407705
407769
407791
407934
407998
408087
408176
408247
408535
408539
408558
408736
408742
408872
408997
409120
409131
409147
409154
409155
409161
409249
409254
409378
409393
409450
409528
409560
409694
409701
410006
410018
410149
410344
410384
410432
410524
410535
410626
411219
411323
411324
411336
411627
411852
411946
411994
412011
412256
412328
412338
412421
412486
412809
412977
413008
413070
413178
413219
413263
413432
413438
413444
413489
413494
413498
413554
413557
413593
413695
413763
413923
413932
413962
414001
414007
414061
414132
414191
414224
414247
414495
414510
414544
414570
414581
414852
414883
415038
415057
415080
415398
415507
415702
415721
415731
415752
415940
416044
416071
416111
416112
416160
416180
416184
416260
416483
416492
416505
416524
416533
416574
416584
416653
416712
416715
416724
416855
416860
417107
417214
417559
417659
417674
417843
417855
417892
417944
417974
418003
418041
418170
418294
418327
418339
418697
418748
419283
419348
419457
419463
419615
419700
419751
419777
419791
419834
419856
419877
419987
419989
419991
420015
420048
420056
420101
420116
420127
420191
420231
420464
420480
420497
420536
420550
420559
420806
420807
420809
420812
420832
420859
420885
420916
420977
420995
421004
421302
421397
421404
421751
421969
422004
422018
422073
422090
422183
422642
422689
422741
422912
422977
423055
423196
423225
423303
423398
423547
423602
423634
423640
423708
423721
423755
423869
423872
424092
424112
424492
424528
424648
424767
424882
424928
425004
425180
425288
425319
425495
425670
425702
425918
426033
426139
426282
426294
426308
426352
426359
426413
426688
426954
426970
427008
431221
431235
431479
431505
431514
431610
431641
431672
431755
431879
431958
431971
432485
432624
432650
432674
432727
432891
432941
433115
433415
433451
433574
433703
434024
434196
434220
434260
434345
434360
434564
434575
434605
434733
435122
435333
435396
435429
435441
435478
435487
435504
435526
435540
435575
435644
435652
436082
436131
436163
436215
436250
436347
436385
436396
436420
436431
436594
436875
436979
436983
437100
437101
437109
437115
437197
437200
437322
437357
437372
437502
437524
437710
437724
437828
437878
437912
438308
438356
438378
438451
438542
438554
438562
438564
438621
438755
438866
438942
439005
439049
439075
439094
439120
439258
439384
439547
439587
439609
439627
439725
439760
439780
439784
439873
439884
439897
439902
439907
439924
439949
439980
439983
440052
440105
442039
442091
442286
442385
442471
442482
442637
443255
443260
443297
443416
443433
443466
443632
443685
443892
443982
443994
444051
444070
444224
444337
444366
444422
444426
444515
444612
444677
444690
444717
444727
444894
444940
444954
445005
445006
445244
445376
445390
446211
446240
446436
446545
446563
446567
446656
447037
447060
447065
447069
447105
447390
447458
447503
447585
447592
447615
447714
447789
447796
447810
447857
447899
447901
448013
448134
448144
448145
448160
448217
448352
448436
448459
448476
448539
448545
448827
448844
448916
448989
449190
449326
449538
449618
449655
449681
449703
449841
450028
450105
450281
450386
450445
450446
450447
450448
450465
450534
450643
450799
450883
450891
451249
451294
451300
451301
451501
451514
451547
451649
451684
451685
451730
451747
451810
451816
451932
452014
452310
452673
452678
452772
452882
452920
452928
453118
453176
453197
453206
453228
453259
453290
453330
453333
453466
453472
453502
453542
453915
454034
454143
454168
454257
454371
454423
454580
455055
455132
455325
455340
455342
455403
455406
455418
455443
455526
455571
455681
455852
455948
456136
456251
456298
456466
456518
456522
456585
456753
456774
456802
456827
456853
456904
456908
456945
457114
457174
457240
457377
457472
457615
457668
457673
457675
457783
457955
457992
457997
458049
458052
458504
458556
458619
458778
458789
458820
458925
458944
459037
459074
459140
459172
459209
459216
459540
459559
459561
459598
459605
459609
459612
459718
459792
459827
459846
459862
459870
459873
459894
459919
459984
460186
460227
460246
460498
460882
461079
461116
461202
461228
461269
461319
461343
461354
461379
461484
461491
461534
461540
461670
461674
461723
461735
461749
461846
461876
461954
462413
462424
463171
463194
463464
463658
463851
464015
464081
464130
464442
464572
464573
464727
464804
464824
464834
464993
465052
465066
465085
465087
465231
465486
465614
465668
465744
465775
465991
466016
466847
467015
467146
467153
467161
467250
467254
467335
467480
467514
467585
467681
467788
467818
468006
468095
468114
468142
468225
468422
468435
468538
468637
468723
468814
468835
469155
469200
469243
469266
469311
469342
469457
469470
469703
469717
470278
470292
470381
470447
470763
471147
471178
471333
471335
471399
471479
471563
471567
471572
471574
471718
471762
471771
471772
471791
471803
471921
471991
471994
472014
472025
472036
472107
472136
472376
472412
472426
472452
472523
472549
472570
472587
472662
472669
472719
472986
472988
473020
473135
473357
473404
473413
473477
473482
473664
473713
473717
473759
474694
474974
475078
475615
475708
475735
475764
475782
475975
476055
476229
476363
476549
476567
476733
476750
476754
476805
476816
476836
476855
476911
476915
476941
476948
476953
477029
477298
477337
477365
477436
477490
477636
477665
477719
477858
477864
477896
477920
477923
477940
478002
478080
478103
478142
478203
478208
478234
478369
478373
478378
478417
478557
478657
478708
478842
479061
479225
479292
479313
479316
479523
479531
479572
479636
479674
479685
479704
479711
479725
479761
479816
480085
480135
480239
480273
480785
480862
480947
481031
481082
481154
481347
481378
481431
481543
481554
481650
482081
482089
482141
482157
482263
482422
482434
482438
482452
482461
482538
482551
482576
482805
482829
482941
483155
483316
483562
483764
483875
483895
483904
484131
484495
484630
484927
484946
484962
485019
485036
485089
485265
485337
485368
485413
485423
485447
485479
485542
485555
485609
485706
485769
485978
486703
486764
486804
486841
486879
487020
487231
487236
487290
487391
487587
487647
487857
487874
488096
488179
488281
488359
488744
488749
488812
488967
489009
489152
489278
489562
489898
489977
489987
490099
490165
490758
490833
490844
490851
490864
492446
492608
492614
492674
492741
493204
493213
493278
493463
493650
493871
493920
494041
494060
494305
494482
494712
494882
495044
495076
495295
495452
495660
495828
495841
495995
496156
496206
496405
496543
496686
496728
496766
496820
496858
496907
496924
496952
496980
497007
497061
497099
497117
497221
497225
497300
497324
497399
497402
497455
497573
497678
497861
497906
497977
498039
498063
498095
498332
498516
498569
498822
498847
498861
498902
499054
499078
499218
499273
499306
499627
499770
499778
499788
499941
500054
500103
500139
500194
500202
500325
500528
500546
500660
500666
500749
500761
500762
500763
500764
500765
501216
501260
501528
501765
501768
502051
502146
502213
502241
502242
502479
502493
502586
502597
502757
502977
503127
503389
503439
503665
503756
503818
503840
503842
503857
503921
503967
504015
504030
504146
504148
504181
504198
504214
504219
504224
504268
504295
504325
504458
504471
504482
504604
504658
504676
504822
504910
504942
505442
505564
505652
505749
505751
505752
505754
505755
505756
505757
505758
505760
505761
505763
505765
505766
505767
505770
505864
505922
506033
506066
506240
506390
506409
506424
506474
506491
506505
506506
506513
506522
506542
506607
506651
506672
506758
506826
506880
507533
507540
507702
507889
507975
508060
508612
508739
508746
508775
508777
509172
509448
509489
509841
509844
509902
509934
509941
509980
510028
510094
510175
510214
510221
510226
510229
510251
510442
510474
510546
510807
510886
510895
511015
511026
511047
511246
511265
511283
511378
511441
511491
511519
511616
511625
511659
511667
511685
511723
511880
511941
511943
511944
511970
511975
512015
512047
512075
512106
512122
512242
512520
512774
512880
512938
513076
513147
513283
513331
513349
513626
513659
513919
513955
514026
514055
514213
514227
514242
514352
514490
514553
514603
514666
514704
514708
514764
515147
515153
515281
515378
515413
515415
515474
515496
515516
515568
515577
515602
515666
515980
516171
516206
516306
520407
526293
529594
529617
529689
529774
530005
530135
530146
530159
530338
530343
530428
530432
530444
530488
530504
530556
530587
530612
530630
530655
530658
530682
530704
530753
530788
530828
530833
530945
530961
530994
531042
531154
531179
531196
531222
531231
531347
531365
531513
531740
531876
531901
531904
531974
531975
532050
532133
532201
532206
532208
532213
532245
532252
532267
532368
532374
532428
532492
532689
532704
532798
532882
532915
533020
533154
533243
533246
533340
533372
533406
533417
533644
533654
533687
533769
534139
534240
534325
534402
534595
534711
534772
534798
535032
535100
535123
535145
535168
535215
535221
535408
535515
535578
535635
535650
535670
535696
535697
535698
535702
535703
535705
535778
535784
535810
535820
535825
535831
535904
535930
535975
535994
536005
536072
536103
536144
536157
536158
536254
536355
536422
536440
536456
536469
536477
536585
536684
536704
536716
536718
536759
536850
536881
536957
537130
537243
537359
537469
537476
537568
537768
537841
538411
538433
538451
538615
538618
538652
538724
538747
538811
538929
538957
539046
539058
539225
539311
539413
539426
539575
539824
539870
539979
539998
540080
540195
540241
540272
540304
540502
540612
540904
540939
541001
541116
541149
541178
541194
541235
541439
541486
541521
541566
541588
541635
541638
541666
541716
541718
541721
541763
541861
542405
542552
542569
542630
542868
542873
543109
543251
543358
543382
543386
543640
543733
543821
543869
543973
544136
544148
544208
544210
544217
544375
544399
544413
544437
544446
544457
544742
544771
544946
545089
545119
545259
545310
545314
545501
545687
545695
545834
545915
545973
545986
546193
546342
546444
546483
546516
546568
546660
546684
546691
546732
546749
546761
546994
547001
547110
547166
547237
547332
547500
547538
547575
547594
547640
547670
547688
547723
547843
547848
547871
547891
547944
547972
548010
548138
548199
548239
548359
548450
548512
548515
548520
548551
548581
548678
548777
548839
548916
548918
548923
548953
548974
549046
549087
549189
549226
549347
549363
549469
549544
549717
549953
550010
550029
550054
550084
550100
550216
550225
550229
550281
550284
550399
550499
550510
550555
550580
550595
550609
550701
550720
550846
550855
550937
551190
551197
551300
551392
551451
551593
551764
551784
551946
551966
551994
552089
552172
552266
552314
552318
552323
552784
552828
552846
552956
552959
552965
553263
553431
553551
553636
553642
553718
553766
553827
553859
553945
553950
553989
553990
553994
554017
554054
554140
554176
554217
554372
554417
554458
554781
554792
554851
554877
554913
554917
554964
554983
555094
555290
555445
555581
555586
555698
555728
555733
555745
555847
555873
555910
556027
556357
556360
556393
556549
556648
556671
556690
556749
556753
556814
556869
556991
557028
557123
557129
557149
557195
557197
557223
557265
557280
557281
557348
557363
557383
557439
557508
557527
557682
557683
557687
557878
557987
558034
558250
558581
558600
558611
558641
558646
558689
558701
558767
558805
558915
558933
558943
558952
559055
559078
559079
559142
559183
559273
559281
559355
559385
559403
559441
559455
559477
559500
559502
559522
559607
559663
559820
560065
560089
560099
560100
560140
560179
560205
560288
560316
560372
560506
560533
560607
560633
560706
560914
560970
561022
561042
561341
561488
561489
561490
561491
561588
561659
561862
562090
562163
562447
562526
562530
562549
562636
562680
562871
562875
562967
562968
563048
563060
563213
563321
563330
563407
563421
563440
563494
563495
563518
563531
563537
563543
563549
563592
563595
563604
563614
563619
563638
563646
563700
563905
564187
564249
564482
564487
564557
564575
564600
564690
564720
564747
564992
565111
565232
565279
565426
565589
565759
565760
565838
565949
566036
566071
566082
566132
566155
566269
566388
566411
566430
566471
566621
566645
566738
566846
566906
566943
566961
566990
567004
567754
567792
567805
568005
568044
568087
568089
568297
568492
568493
568505
568548
568740
568748
568753
568915
568954
569104
569209
569336
569380
569479
569489
569533
569567
569606
569625
569684
569692
569703
569762
569767
569904
569923
569974
570055
570169
570174
570224
570454
570490
570662
570679
570695
570783
570868
570966
571002
571013
571119
571128
571167
571182
571320
571355
571708
571720
571738
571832
571867
571929
572037
572063
572065
572142
572445
572465
572490
572499
572559
572619
572668
572681
572727
572830
572855
572921
572935
572966
572979
573003
573014
573057
573067
573127
573203
573288
573380
573536
573881
574019
574117
574159
574215
574350
574395
574406
574414
574431
574528
574561
574565
574787
574808
574823
574828
574845
574846
574918
575212
575260
575402
575440
575469
575505
575655
575668
575779
576007
576075
576121
576172
576194
576195
576221
576249
576255
576402
576542
576545
576570
576581
576603
576799
576846
576886
576910
576912
576919
576924
576998
577064
577090
577133
577171
577181
577250
577255
577279
577321
577381
577879
578134
578159
578264
578378
578399
578443
578596
578628
578811
579022
579039
579065
579188
579268
579483
579503
579533
579536
579567
579750
579790
579841
579917
580012
580045
580156
580323
580332
580399
580446
580487
580527
580658
580714
580794
580920
580944
580957
581016
581216
581424
581491
581626
581742
581932
581959
581979
582022
582045
582076
582139
582237
582319
582346
582366
582387
582392
582407
582429
582578
582640
582756
582782
582786
582966
583004
583057
583215
583272
583285
583355
583582
583979
583985
584260
584335
584406
584492
584545
584925
584950
584964
584993
585206
585258
585282
585353
585362
585387
585400
585430
585434
585479
585480
585510
585701
585723
585738
585795
585859
585875
585921
585961
586026
586034
586040
586059
586077
586281
586434
586438
586473
586521
586586
586614
587006
587080
587208
587353
587762
587868
587892
587966
587970
588065
588234
588268
588347
588448
588509
588561
588642
588677
588714
588722
588723
588737
588754
588882
589119
589195
589200
589262
589277
589364
589407
589459
589633
589717
589736
589760
589762
589938
590179
590279
590302
590510
590515
590545
590637
590650
590657
590766
590934
591229
591280
591296
591710
591717
591728
591778
591883
591906
591947
592048
592101
592128
592141
592792
593091
593101
593103
593116
593155
593190
593204
593252
593258
593279
593420
593481
593489
594057
594077
594122
595884
595983
596084
596100
596389
596817
596886
596944
597067
597233
597364
597402
597417
597493
597658
597816
597936
598029
598083
598109
598125
598191
598419
598540
598825
598848
598878
599083
599104
599191
599310
599366
599461
599588
599608
599666
599719
599737
599738
599803
599822
599907
600041
600289
600340
600378
600395
600557
600581
600987
601234
601408
601434
601577
601599
601635
601841
601846
601992
602220
602391
602621
602639
602675
602691
602734
602853
602862
602881
602891
602926
602953
602987
603014
603052
603180
603240
603267
603268
603285
603494
603655
603663
603675
603748
604072
604093
604094
604426
604443
604460
604572
604690
604730
604833
604848
604929
604983
605403
605423
605448
605512
605686
605759
605812
605943
606001
606115
606221
606271
606289
606291
606298
606306
606395
606431
606472
606696
606707
606782
606839
606938
607046
607118
607119
607120
607243
607288
607545
607621
607654
607688
607743
607830
607865
607876
607888
607965
608128
608170
608266
608314
608355
608521
608584
608909
609025
609258
609628
609640
609773
609917
610164
610190
610197
610210
610365
610375
610420
610493
610585
610643
610650
610898
611339
611347
611381
611654
611677
611696
611722
611803
611877
611882
612061
612125
612309
612371
612445
612562
612571
612591
612621
612643
612651
612664
612680
612696
612884
612987
613006
613059
613079
613080
613081
613089
613243
613333
613346
613412
613479
613506
613534
613614
613666
613681
613712
613888
613933
614033
614101
614350
614457
614553
614618
614742
614746
614866
614879
614889
614901
614951
615099
615118
615134
615170
615202
615237
615259
615428
615439
615600
615787
615887
615891
615900
615913
615951
616019
617093
617272
617611
617807
617826
617931
618026
618033
618306
618314
618384
618482
618617
618711
618785
619001
619223
619486
619519
619520
619591
619630
619870
619874
619926
619951
619957
620099
620120
620123
620174
620183
620199
620206
620244
620264
620281
620284
620332
620391
620415
620445
620466
620512
620563
620573
620577
620586
620627
620672
620750
620777
620788
620820
620825
620857
620917
620931
620948
620953
621222
621342
621393
621496
621694
621858
621996
622104
622356
622395
622578
622669
622851
622859
622899
623081
623101
623233
623308
623335
623345
623357
623381
623572
623588
623600
623642
623652
623887
624250
624272
624328
624462
624510
624580
624628
624667
624891
625060
625227
625390
625406
625420
625471
625492
625547
625677
625715
625737
625826
625873
626167
626214
626371
626388
626390
626431
626451
626463
626464
626467
626491
626651
626746
626750
626827
626924
626951
627017
627166
627248
627269
627358
627469
627524
627550
627619
627636
627652
627730
627810
628082
628097
628108
628113
628126
628162
628208
628217
628247
628277
628382
628487
628608
628612
628613
628625
628629
628706
628962
628969
628972
629037
629048
629176
629353
629374
629394
629404
629418
629426
629449
629604
629652
629655
629681
629730
629771
629785
630049
630123
630142
630150
630160
630238
630277
630290
630341
630389
630426
630468
630486
630574
630609
630639
630672
630716
630759
630762
630801
630804
630812
630816
630834
631050
631286
631311
631442
631445
631456
631465
631486
631525
631572
631678
631706
631760
631817
631828
631886
632002
632029
632134
632137
632290
632374
632383
632398
632460
632463
632527
632575
632585
632709
632885
633078
633079
633088
633091
633092
633118
633124
633168
633240
633252
633272
633281
633312
633497
633517
633556
633572
633580
633594
633609
633612
633713
633759
633763
633813
633820
633829
633839
633860
633885
633924
633926
633980
634029
634042
634051
634059
634195
634200
634222
634375
634485
634488
634501
634514
634591
635008
635040
635214
635224
635242
635243
635277
635335
635339
635342
635344
635360
635532
635559
635574
635588
635690
635784
635790
635799
635802
635861
635987
635992
636011
636013
636029
636070
636225
636463
636869
636887
636915
636922
637167
637270
637287
637298
637306
637326
637342
637623
637670
637711
637734
637756
637771
637772
637787
637841
637955
638167
638565
638574
638679
638683
638795
638992
639088
639162
639196
639236
639302
639306
639315
639319
639325
639339
639381
639383
639394
639414
639415
639429
639471
639531
639580
639592
639656
639815
639848
640213
640215
640271
640321
640322
640484
640493
640507
640512
640552
640805
640849
640912
640946
640967
640980
640996
641038
641372
641647
641649
641686
641695
641730
641742
641747
641914
642036
642152
642207
642288
642305
642313
642592
642613
642748
642832
642903
643080
643087
643298
643545
643574
643710
643721
643760
643926
644005
644015
644029
644030
644047
644055
644174
644195
644349
644356
644358
644807
644945
644959
644967
645003
645058
645070
645077
645177
645194
645278
645306
645309
645545
645555
645578
645617
645718
645719
645848
645881
645903
645949
645981
646036
646064
646093
646115
646218
646239
646255
646285
646308
646393
646434
646447
646507
646621
646643
646796
646833
647073
647201
647281
647351
647388
647427
647537
647780
647960
648080
648092
648120
648147
648545
648555
648724
648855
648911
649052
649150
649190
649231
649235
649273
649360
649423
649464
649625
649627
649682
649686
649712
649717
649746
649756
649808
649815
650010
650027
650244
650323
650387
650408
650412
650521
650601
650605
650936
651049
651105
651149
651178
651235
651247
651332
651453
651461
651485
651706
651732
651777
651787
651866
651885
651922
651937
652361
652438
652474
652635
652733
652750
652786
652789
652962
653031
653062
653151
653157
653514
653534
653556
653572
653585
653693
653696
653815
653833
653837
653895
653994
654045
654231
654483
654485
654497
654594
654622
654676
654689
654718
654726
654789
654847
654873
654893
654898
654944
654948
655183
655258
655267
655277
655377
655457
655463
655506
655737
655812
655880
655928
655966
656023
656099
656287
656371
656399
656420
656745
656785
656794
656955
657018
657079
657194
657306
657450
657473
657678
657684
657814
657868
657876
657898
657907
657911
657988
658123
658154
658181
658234
658324
658419
658451
658471
658530
658531
658687
658711
658795
658884
658931
658939
658994
659008
659046
659130
659237
659476
659524
659541
659608
659701
659868
659919
660151
660249
660407
660422
660740
660836
660879
660904
660979
661154
661173
661422
661510
661519
661634
661835
661867
661957
662039
662227
662456
662502
662513
662681
663304
663431
663469
663586
663630
663774
663795
663953
664226
664235
664248
664301
664343
664427
664508
664515
664543
664555
664595
664608
664643
664747
664799
665004
665059
665175
665443
665497
665627
665635
665830
666183
666300
666388
666409
666481
666519
666565
666571
666849
666934
666966
666972
667173
667205
667263
667304
667339
667387
667418
667428
667484
667487
667541
667804
667808
667825
667838
667998
668001
668062
668067
668218
668284
668417
668430
668456
668599
668600
668630
668679
668695
668742
668903
668921
668977
668983
669018
669067
669148
669165
669170
669173
669188
669248
669410
669631
669681
669874
669941
670000
670089
670209
670354
670412
670503
670774
670813
670819
671134
671171
671301
671381
671525
671621
671637
671735
671802
671960
672134
672311
672391
672407
672461
672500
672521
672554
672657
672718
672804
672854
672943
672991
673001
673027
673112
673452
673566
673805
673920
674029
674107
674133
674307
674340
674402
674511
674515
674537
674539
674587
674597
674669
674791
674804
674958
674969
675035
675195
675255
675263
675412
675642
675746
675767
675785
675856
675966
676269
676297
676366
676552
676589
676697
676794
676833
676834
676858
676884
676902
676903
677092
677216
677270
677303
677310
677350
677364
677368
677381
677505
677515
677523
677569
677591
677664
677916
677958
677990
678022
678132
678183
678205
678325
678335
678363
678500
678564
678643
678679
678708
678714
678715
678776
678799
678924
678969
679086
679109
679113
679136
679179
679188
679306
679352
679521
679535
679564
679635
679940
679968
680117
680149
680172
680262
680412
680446
680462
680520
680558
680611
680764
680821
680846
680905
680916
680940
681010
681029
681057
681109
681194
681215
681234
681342
681537
681631
681774
681799
681807
681812
681838
681992
682164
682245
682320
682363
682427
682445
682496
682563
682591
682621
682662
682845
682851
682864
682906
682975
683020
683241
683247
683296
683301
683315
683322
683327
683351
683509
683739
683765
683810
683812
683837
684034
684040
684115
684162
684178
684240
684300
684422
684471
684519
684533
684534
684689
684713
684739
684766
684916
685039
685058
685129
685176
685326
685376
685382
685387
685398
685434
685436
685445
685465
685583
685684
685716
685722
685770
685839
685855
685868
685926
685948
685986
686203
686215
686233
686308
686312
686337
686375
686512
686597
686608
686662
686779
686983
687011
687043
687212
687223
687281
687309
687332
687343
687422
687423
687459
687542
687554
687573
687582
687673
687683
687782
687784
687799
687843
687860
687915
687927
687938
688008
688062
688098
688115
688148
688149
688234
688275
688326
688385
688392
688410
688469
688472
688480
688486
688502
688513
688613
688662
688715
688840
688848
688852
688884
688920
688923
688959
688995
688999
689061
689137
689140
689153
689193
689416
689461
689505
689525
689580
689647
689703
689717
689759
689819
689843
689886
689984
689988
690021
690069
690090
690501
690554
690590
690616
690770
690791
690814
690849
690852
690858
690869
690882
691009
691025
691053
691059
691241
691316
691325
691331
691345
691363
691497
691504
691538
691643
691671
691733
691769
691821
691931
692054
692118
692154
692187
692190
692198
692205
692206
692270
692275
692314
692349
692360
692366
692397
692669
692715
692723
692766
692789
692790
692904
692941
693015
693021
693070
693125
693126
693220
693226
693321
693337
693517
693529
693552
693558
693614
693628
693637
693668
693733
693760
693769
693796
693814
693830
693856
693858
693894
694030
694081
694093
694132
694181
694186
694203
694223
694267
694282
694339
694359
694382
694394
694419
694420
694480
694532
694563
694608
694656
694760
694761
694829
694886
694900
694907
695031
695045
695100
695138
695159
695169
695229
695285
695323
695326
695327
695405
695510
695569
695609
695612
695655
695656
695657
695785
695808
695838
695843
695847
695855
695933
695939
696005
696025
696138
696170
696174
696208
696247
696270
696286
696308
696339
696360
696427
696474
696525
696556
696655
696736
696773
696818
696847
696871
696872
696908
696987
697006
697038
697109
697154
697158
697263
697281
697354
697367
697441
697529
697538
697635
697706
697809
697906
697941
697959
697975
697991
698081
698087
698299
698438
698619
698623
698630
698645
698682
698733
698746
698759
698849
698890
698915
698922
698923
698953
699019
699025
699026
699031
699045
699158
699168
699211
699242
699265
699387
699389
699392
699451
699488
699557
699654
699777
699902
699903
699949
699963
699972
699994
700095
700296
700331
700358
700498
700512
700516
700621
700627
700644
700675
700840
700858
700899
700931
701013
701026
701032
701057
701088
701221
701298
701303
701315
701318
701411
701437
701462
701478
701492
701752
701796
701824
702024
702076
702111
702208
702313
702536
702586
702670
702787
702847
702854
702886
703006
703025
703045
703123
703255
703369
703378
703405
703411
703448
703465
703576
703630
703653
703764
703873
703879
703947
704145
704203
704238
704279
704303
704396
704402
704502
704660
704786
704808
704889
705141
705153
705226
705228
705230
705404
705425
705494
705515
705765
705814
705822
705889
705974
706041
706131
706147
706211
706255
706267
706326
706390
706556
706567
706569
706742
706771
706772
706810
706828
706842
706994
707000
707029
707074
707104
707149
707174
707218
707387
707453
707545
707644
707664
707707
707735
707756
707760
707803
708008
708157
708310
708341
708412
708533
708539
708571
708580
708602
708619
708625
708801
708939
709045
709125
709156
709223
709387
709398
709529
709651
709691
709743
709800
709848
709862
709881
709989
710101
710128
710162
710164
710308
710321
710382
710438
710577
710584
710653
710701
710703
710706
710777
710780
710813
710821
710834
710837
710886
710948
710992
711007
711018
711159
711217
711232
711238
711322
711324
711331
711383
711406
711424
711428
711462
711589
711683
711710
711798
711859
711944
711990
712054
712253
712266
712290
712326
712330
712381
712422
712426
712432
712443
712465
712542
712628
712634
712810
712822
712836
712845
712913
712926
712981
713193
713324
713425
713427
713434
713480
713486
713514
713527
713566
713590
713616
713691
713718
713768
713841
713931
714081
714140
714162
714170
714207
714293
714320
714447
714457
714548
714680
714692
714712
714890
714908
714997
715009
715107
715131
715144
715146
715221
715251
715268
715287
715344
715537
715585
715644
715689
715749
715775
715871
715876
715988
716034
716146
716209
716399
716664
716698
716777
716821
716959
717006
717013
717018
717221
717519
717522
717557
717627
717635
717648
717734
717900
718046
718252
718317
718323
718453
718582
718833
718840
718923
718975
719071
719297
719311
719352
719379
719448
719470
719505
719507
719539
719620
719671
719696
719736
719742
719814
719891
719894
719899
719906
719915
719950
720057
720084
720095
720236
720254
720270
720341
720397
720464
720510
720513
720589
720634
720772
720939
720998
721043
721069
721195
721409
721420
721481
721492
721500
721502
721528
721547
721602
721619
721627
721685
721689
721766
721797
721872
721933
721946
722021
722052
722092
722094
722151
722197
722208
722244
722360
722386
722480
722591
722642
722765
722839
722843
722914
722969
723097
723109
723150
723162
723434
723488
723525
723583
723694
723760
723845
723920
723944
723945
724076
724359
724528
724544
724589
724604
724647
724652
724654
724721
724812
725289
725314
725327
725340
725541
725564
725764
725796
725897
725940
725950
725955
726023
726091
726129
726173
726179
726308
726320
726330
726404
726580
726581
726617
726627
726833
726854
726863
726902
727091
727096
727098
727100
727129
727144
727184
727301
727408
727413
727420
727480
727535
727656
727869
728043
728051
728110
728187
728216
728225
728288
728332
728532
728595
728734
728931
729048
729086
729297
729459
729470
729493
729536
729641
729881
729943
729994
730115
730285
730341
730361
730421
730660
730671
730773
730796
730851
730859
730876
731124
731144
731163
731180
731184
731193
731204
731216
731277
731393
731406
731437
731525
731677
731872
731886
731897
731907
732035
732048
732069
732319
732361
732564
732656
732913
732985
733142
733172
733200
733220
733241
733242
733352
733450
733581
733651
733667
733838
733897
734007
734143
734154
734159
734178
734221
734227
734359
734370
734383
734485
734716
734824
734928
735054
735095
735131
735189
735199
735228
735468
735518
735561
735778
735941
735992
736038
736235
736276
736280
736428
736559
736566
736627
736779
736803
736870
736919
737052
737199
737355
737374
737385
737407
737503
737520
737553
737575
737664
737665
737820
737840
737902
737911
737945
737958
738022
738026
738109
738261
738380
738469
738486
738513
738608
738651
738673
738800
738877
739012
739221
739226
739368
739530
739537
739587
739700
739713
739717
739759
740019
740020
740111
740118
740136
740225
740280
740392
740395
740440
740497
740519
740537
740552
740596
740774
740865
740925
741400
741625
741705
741731
741804
741887
742135
742232
742237
742382
742425
742859
743273
743531
743547
743624
743640
743641
743670
743727
743744
743780
743791
743901
743950
744152
744239
744265
744364
744386
744443
744455
744459
744487
744680
744709
744731
744745
744807
744822
744850
744885
744906
744974
744983
745090
745186
745521
745581
745610
745621
745627
746016
746201
746275
746307
746313
746323
746324
746360
746375
746543
746695
746717
746736
746888
747018
747123
747237
747323
747331
747429
747537
747595
747753
747809
747854
748081
748131
748143
748205
748229
748254
748434
748473
748535
748664
748701
748854
748917
749094
749147
749152
749240
749244
749362
749459
749474
749491
749536
749621
749697
749751
749932
750034
750138
750160
750220
750237
750364
750401
750667
750785
750893
750955
750996
751031
751111
751433
751450
751456
751496
751574
751726
751882
751884
751908
751940
751986
752110
752174
752189
752211
752369
752641
752659
752701
752737
752760
752862
753120
753154
753194
753540
753588
753621
753627
753646
753683
753894
753901
753930
753971
754003
754189
754288
754328
754342
754367
754427
754434
754519
754568
754655
754669
754733
754772
754842
754975
754990
755000
755022
755069
755188
755205
755251
755268
755307
755335
755388
755490
755570
755675
755714
755737
755827
755841
755845
755905
755913
755959
755975
756023
756027
756070
756176
756183
756210
756239
756321
756339
756496
756509
756734
756781
756796
756972
757028
757038
757136
757196
757289
757290
757304
757326
757460
757621
757626
757702
757767
757800
757839
757877
757880
758014
758074
758075
758081
758103
758171
758215
758228
758239
758290
758364
758527
758705
758709
758749
758752
758777
758961
759006
759028
759045
759167
759172
759201
759213
759225
759235
759356
759473
759479
759572
759578
759583
759683
759684
759781
759924
759939
759997
760021
760030
760075
760080
760086
760087
760090
760093
760104
760106
760151
760165
760183
760383
760426
760433
760440
760539
760571
760572
760588
760679
760788
760809
761006
761084
761104
761123
761132
761318
761325
761337
761458
761527
761552
761556
761566
761570
761743
761769
761817
761898
761918
761946
762138
762156
762209
762276
762321
762355
762389
762430
762433
762440
762448
762506
762524
762544
762568
762590
762605
762705
762745
762885
762967
762994
763205
763214
763219
763301
763381
763382
763385
763398
763486
763516
763537
763558
763569
763667
763678
763708
763724
763751
763799
763996
764043
764089
764102
764136
764217
764262
764265
764266
764267
764271
764280
764281
764287
764394
764404
764442
764506
764515
764631
764636
764651
764722
764754
764817
764883
764884
764990
764996
765158
765164
765173
765448
765458
765522
765527
765534
765671
765683
765696
765720
765767
765830
765931
765948
765980
766035
766071
766101
766167
766180
766185
766322
766450
766457
766476
766500
766501
766528
766536
766554
766583
766642
766656
766671
766732
766825
766840
766863
766895
766946
766994
767085
767346
767446
767527
767531
767546
767631
767663
767739
767825
767860
767881
767959
768032
768078
768107
768109
768124
768315
768317
768383
768443
768445
768450
768653
768683
768771
768774
768776
768778
768803
768825
769077
769095
769204
769205
769267
769293
769295
769329
769353
769371
769377
769413
769428
769490
769637
769681
769719
769763
769995
770014
770062
770084
770192
770295
770302
770373
770588
770666
770701
770705
770729
770820
770844
770852
770905
770928
770939
770942
770984
771073
771284
771289
771363
771463
771496
771689
772236
772237
772297
772393
772400
772476
772492
772558
772575
772616
772648
772673
772706
772858
772909
772960
773147
773189
773247
773407
773481
773514
773539
773613
773620
773670
773711
773728
773941
773977
774131
774164
774217
774331
774493
774537
774596
774734
774813
774938
775013
775025
775104
775108
775172
775180
775247
775374
775379
775482
775485
775721
775873
776123
776169
776188
776285
776318
776328
776359
776467
776596
776619
776674
776724
776833
776858
776925
776938
776978
777036
777052
777187
777223
777281
777451
777491
777661
777680
777776
777982
777985
777996
778100
778200
778319
778472
778497
778509
778589
778663
778668
778768
778789
778802
778879
779117
779158
779168
779269
779429
779463
779516
779520
779553
779656
779659
780032
780118
780168
780209
780235
780245
780259
780312
780349
780359
780380
780502
780521
780533
780579
780586
780590
780647
780794
780869
780874
780942
780984
781023
781024
781117
781154
781196
781259
781260
781272
781282
781424
781524
781535
781553
781888
781890
782047
782096
782188
782241
782309
782543
782623
782696
782767
782891
782974
783001
783072
783081
783090
783129
783136
783238
783253
783404
783421
783508
783556
783782
783812
784075
784103
784153
784213
784471
784577
784615
784723
784749
784762
784812
784882
784937
785093
785140
785196
785391
785399
785474
785591
785806
785842
785883
785885
785894
785941
785949
785953
786104
786113
786128
786146
786250
786254
786261
786281
786331
786335
786382
786383
786408
786424
786430
786447
786488
786554
786592
786654
786669
786785
786932
787066
787259
787342
787396
787518
787545
787553
787660
787692
787731
787735
787742
787861
787967
788021
788144
788172
788248
788287
788297
788653
788714
788746
788765
788773
788844
788896
788928
788946
788948
788972
789143
789238
789301
789343
789376
789426
789441
789458
789468
789649
789738
789767
789833
789857
789898
789917
789920
789999
790022
790036
790047
790085
790090
790093
790113
790135
790392
790413
790414
790478
790484
790514
790669
790674
790683
790713
790866
790881
791049
791080
791122
791183
791190
791322
791335
791360
791454
791459
791551
791562
791636
791683
791687
791717
791752
791769
791926
791929
791936
791944
791962
791982
792093
792108
792192
792305
792485
792499
792523
792531
792560
792610
792640
792686
792785
792899
793001
793105
793115
793129
793161
793180
793192
793227
793256
793282
793292
793315
793341
793397
793402
793441
793457
793463
793530
793569
793624
793704
793743
793758
793861
793862
793881
794087
794115
794156
794222
794378
794444
794482
794554
794695
794700
794728
794828
794962
794995
795080
795126
795136
795163
795209
795226
795238
795320
795326
795371
795378
795412
795416
795470
795496
795528
795635
795644
795650
795658
795679
795691
795770
795920
795990
796025
796116
796429
796492
796519
796563
796645
796666
796668
796678
796681
796741
796744
796747
796756
796794
797029
797207
797249
797340
797413
797469
797514
797517
797536
797635
797716
797720
797802
797855
798008
798266
798337
798380
798392
798501
798545
798565
798634
798928
798969
799018
799032
799343
799383
799560
799617
799620
799653
799800
799942
799992
800113
800125
800127
800210
800215
800239
800290
800297
800342
800358
800380
800423
800468
800553
800595
800639
800864
800870
800932
800961
801082
801086
801133
801150
801161
801209
801220
801294
801335
801361
801445
801469
801713
801791
801966
802056
802171
802181
802245
802392
802497
802526
802529
802534
802540
802544
802565
802624
802683
802793
802886
802904
802930
803145
803193
803212
803230
803553
803731
803852
803869
803992
803998
804295
804546
804578
804643
804754
804781
804818
804836
804846
804869
804878
804903
804932
804934
804956
805007
805019
805124
805166
805514
805641
805839
806273
806284
806449
806504
806765
806832
806843
807000
807058
807065
807306
807328
807337
807384
807410
807428
807434
807473
807643
807791
807819
808064
808316
808463
808687
808710
808712
808742
808745
808782
808985
809234
809385
809538
809547
809791
809999
810253
810300
810354
810365
810417
810476
810506
810527
810533
810544
810619
810621
810636
810667
810719
810756
810759
810786
810838
810871
810908
810971
811022
811381
811418
811550
811634
811731
811757
811773
811782
811819
811824
811871
811878
812005
812062
812080
812152
812172
812213
812265
812316
812392
812433
812435
812469
812547
812556
812634
812680
812763
812819
812889
812896
812977
813014
813059
813182
813209
813226
813227
813233
813257
813272
813336
813346
813357
813542
813585
813596
813709
813718
813725
813778
813861
813875
813976
814107
814114
814138
814264
814326
814384
814385
814400
814438
814555
814638
814734
814761
814841
814882
814912
814925
814969
815067
815144
815166
815222
815267
815278
815333
815341
815486
815489
815582
815594
815610
815900
815933
815960
815988
816014
816062
816064
816231
816275
816282
816318
816338
816470
816697
816711
816721
816821
816857
817003
817094
817125
817281
817293
817331
817484
817572
817733
817734
817735
817798
817871
817903
817939
818005
818014
818236
818249
818258
818284
818331
818489
818525
818556
818574
818578
818653
818692
818799
818800
818933
819101
819191
819291
819561
819602
819668
819680
819682
819748
820049
820159
820353
820423
820429
820528
820649
820707
820793
820870
821099
821174
821226
821294
821305
821464
821672
821958
822063
822112
822268
822274
822399
822531
822565
822905
822919
822931
823064
823104
823129
823152
823174
823333
823460
823544
823612
823767
824155
824242
824365
824454
824567
824605
824818
824826
824889
825006
825029
825030
825073
825117
825123
825223
825293
825399
825404
825534
825618
825641
825687
825867
825928
826041
826114
826167
826420
826630
826769
826803
826866
827033
827216
827274
827354
828490
829227
829368
830034
830895
830926
831821
831918
833811
834066
834167
834216
834270
834335
834337
834378
834381
834505
834564
834586
834692
834771
834778
834974
835377
835459
835551
835637
835683
835685
835740
835831
835872
835926
835979
836027
836049
836269
836323
836343
836360
836451
836698
836717
836756
836813
836818
836847
836857
836876
836911
836931
837008
837009
837135
837138
837170
837194
837368
837450
837539
837600
837627
837637
837644
837645
837864
837890
837910
837925
837985
838078
838199
838350
838356
838436
838557
838605
838810
838811
838821
838981
838985
838996
839023
839048
839055
839095
839160
839250
839378
839800
839807
839933
839996
840012
840066
840085
840152
840229
840235
840284
840324
840411
840492
840494
840496
840559
840574
840747
840841
840999
841091
841121
841125
841145
841324
841344
841370
841698
841746
841988
842025
842041
842088
842104
842107
842173
842218
842245
842265
842333
842402
842411
842450
842457
842477
842757
842827
842938
842974
843145
843156
843270
843324
843361
843452
843492
843647
843674
843862
843893
843899
844176
844200
844314
844363
844446
844455
844483
844772
844863
844937
844957
845196
845220
845285
845352
845626
845690
845742
845770
845885
845889
845957
845965
845977
846047
846125
846177
846272
846278
846391
846432
846496
846630
846836
846940
847046
847075
847099
847330
847441
847464
847507
847721
847733
847745
847756
847869
847929
848053
848074
848078
848079
848133
848173
848327
848370
848612
848677
848698
848779
848909
848968
849184
849222
849237
849403
849527
849533
849568
849570
849594
849671
850216
850279
850317
850568
850600
850668
850718
850889
850942
850979
851186
851216
851348
851523
851596
851649
851676
852050
852121
852264
852298
852617
852811
852961
853116
853121
853469
853471
853496
853547
853845
853859
853863
853907
853968
854124
854169
854302
854323
854343
854396
854402
854447
854470
854670
854711
854907
854932
854990
855090
855159
855165
855181
855356
855363
855365
855383
855406
855424
855456
855569
855582
855714
855729
855824
855899
856270
856295
856313
856369
856398
856487
856661
856796
856951
856962
857090
857180
857194
857207
857310
857321
857491
857537
857562
857632
857690
857706
857761
857790
857802
857803
857804
857892
857953
858270
858316
858387
858644
858702
858796
858805
858826
858869
858982
859061
859083
859209
859268
859368
859419
859504
859602
859620
859717
859788
860049
860129
860175
860223
860235
860244
860276
860343
860456
860459
860461
860560
860575
860623
860643
860729
860772
860880
860893
860948
860976
860985
861004
861008
861045
861060
861066
861154
861188
861296
861308
861322
861330
861404
861434
861465
861525
861554
861593
861625
861715
861736
861758
861849
861908
861930
861998
862019
862049
862129
862146
862160
862234
862248
862284
862418
862433
862490
862492
862522
862601
862649
862666
862759
862898
862984
862990
863159
863216
863271
863275
863280
863345
863536
863549
863572
863587
863592
863617
863667
863823
863889
863929
863938
864037
864038
864047
864068
864138
864144
864246
864273
864426
864431
864432
864553
864598
864604
864641
864687
864731
864821
864898
864911
864918
864968
865101
865106
865168
865214
865290
865329
865723
865832
866044
866048
866265
866363
866566
866739
866990
867075
867099
867183
867224
867272
867314
867487
867512
867557
867576
867590
867604
867692
867696
867704
867747
867920
868229
868266
868295
868449
868506
868580
868623
868682
868710
868723
868780
868790
868798
868823
868947
868990
869100
869112
869113
869151
869303
869325
869349
869415
869552
869680
869704
869720
869779
869878
870058
870168
870421
870525
870574
870585
870643
870665
870700
870758
870814
870870
870879
870917
870930
870965
870982
871063
871077
871086
871205
871251
871252
871269
871313
871334
871745
871966
872166
872168
872189
872508
872528
872704
872719
872848
872853
872905
873018
873035
873242
873346
873378
873397
873438
873439
873479
873819
873849
873853
873969
873987
874033
874151
874205
874225
874235
874268
874287
874290
874542
874562
874599
874725
874839
874876
874945
875000
875060
875118
875128
875160
875161
875219
875226
875257
875265
875306
875327
875332
875353
875371
875382
875402
875438
875445
875453
875543
875629
875640
875661
875735
875764
875779
875783
875942
875992
876050
876068
876243
876280
876298
876322
876332
876519
876558
876703
876821
876911
876951
876981
877010
877018
877069
877074
877077
877124
877189
877202
877228
877329
877388
877443
877543
877567
877575
877612
877645
877675
877704
877811
877893
877936
877972
878007
878030
878047
878097
878100
878268
878394
878561
878562
878563
878573
878578
878670
878714
878748
878776
878811
878841
878957
879050
879052
879097
879111
879147
879245
879614
879711
879970
879972
880170
880188
880232
880234
880256
880372
880379
880390
880397
880409
880444
880583
880587
880630
880652
880662
880701
880713
880737
880761
880813
880824
880883
880964
881056
881059
881084
881114
881131
881191
881193
881194
881195
881253
881301
881378
881398
881502
881559
881620
881768
881826
881919
882046
882185
882194
882199
882309
882502
882543
882801
882898
882910
882982
883037
883038
883045
883100
883104
883155
883161
883166
883175
883187
883200
883279
883293
883334
883425
883446
883447
883539
883574
883713
883812
883875
883916
883917
883918
883937
883992
884003
884022
884039
884054
884076
884107
884231
884303
884385
884417
884419
884604
884683
884741
884775
884878
884902
884915
884937
884943
884956
885065
885087
885100
885146
885155
885200
885209
885376
885392
885424
885426
885434
885438
885482
885519
885554
885564
885568
885573
885644
885665
885674
885747
885968
885990
886039
886141
886173
886193
886200
886249
886299
886323
886413
886550
886647
886728
886773
886835
886921
886922
886971
887000
887049
887121
887124
887131
887190
887195
887265
887307
887308
887363
887366
887447
887453
887460
887512
887537
887538
887539
887654
887688
887779
887894
887953
887976
888104
888156
888237
888359
888360
888436
888511
888520
888655
888751
888806
888856
888934
889108
889130
889173
889183
889190
889232
889291
889292
889293
889294
889337
889355
889547
889798
889872
889889
889894
889943
890015
890025
890062
890121
890128
890143
890175
890216
890249
890264
890330
890412
890472
890570
890587
890675
890776
890881
890882
890887
890889
890895
890924
890937
891076
891087
891234
891266
891299
891324
891372
891452
891540
891679
891683
891684
891686
891705
891711
891740
891747
891751
891804
891875
891904
892070
892090
892093
892096
892135
892194
892308
892336
892354
892364
892369
892413
892426
892452
892604
892614
892657
892683
892702
892714
892861
892874
892880
892901
892979
893000
893013
893015
893064
893094
893099
893102
893149
893198
893216
893233
893238
893300
893311
893326
893335
893343
893346
893519
893614
893703
893833
893846
893925
893953
893963
893968
894010
894030
894043
894051
894094
894095
894161
894214
894227
894284
894286
894365
894387
894508
894525
894527
894604
894683
894756
894898
894974
895017
895091
895323
895351
895359
895389
895428
895559
895644
895670
895688
895754
895882
895887
895940
895942
895999
896006
896024
896042
896047
896083
896090
896204
896433
896511
896659
896679
896685
896714
896797
896894
896900
897148
897158
897168
897172
897205
897213
897228
897289
897311
897332
897333
897341
897342
897392
897463
897494
897500
897518
897525
897543
897624
897651
897683
897714
897770
897848
897851
897867
897868
897892
897942
897988
898039
898076
898209
898227
898228
898235
898290
898334
898400
898492
898523
898557
898607
898617
898755
898770
898772
898793
898796
898810
898826
898835
898850
898922
899026
899125
899160
899353
899394
899436
899492
899578
899668
899670
899787
900052
900078
900136
900142
900171
900302
900303
900339
900372
900376
900387
900424
900445
900446
900454
900530
900535
900539
900615
900630
900651
900744
900839
900840
900864
900901
900947
900951
901052
901092
901179
901308
901439
901446
901478
901496
901529
901531
901542
901692
901754
901806
901822
901826
901841
901870
901874
901973
902012
902089
902098
902110
902116
902139
902283
902317
902325
902354
902385
902437
902518
902522
902551
902599
902600
902608
902718
902737
902740
902759
902762
902847
902882
902920
902965
903000
903036
903062
903111
903159
903184
903213
903227
903241
903260
903273
903324
903478
903497
903519
903580
903612
903685
903692
903828
903877
903904
903980
904091
904110
904195
904242
904323
904539
904555
904560
904652
904698
904799
904903
904939
904954
905024
905064
905145
905195
905222
905397
905443
905446
905481
905494
905498
905606
905610
905615
905734
905741
905748
905806
905900
906124
906159
906181
906196
906202
906247
906284
906557
906582
906618
906648
906669
906691
906815
906827
906831
906853
906857
906894
906916
906943
907075
907352
907373
907534
907567
907620
907629
907657
907757
907796
907868
907916
908041
908220
908359
908405
908464
908477
908500
908673
908719
908871
908912
908919
908936
908938
908962
908989
909008
909039
909151
909189
909196
909236
909238
909275
909461
909493
909615
909621
909622
909627
909656
909661
909704
909779
909786
909790
909891
909895
909932
910066
910081
910192
910196
910226
910441
910447
910469
910479
910589
910607
910608
910672
910684
910728
910742
910831
910855
910863
910867
910893
910917
910927
910938
910951
911005
911069
911152
911347
911531
911555
911633
911636
911640
911898
912004
912115
912142
912152
912156
912215
912342
912361
912362
912363
912364
912390
912428
912459
912469
912470
912496
912517
912524
912539
912554
912731
912776
912830
912849
912865
912935
912965
912988
913054
913115
913148
913191
913230
913251
913290
913302
913313
913331
913486
913519
913525
913578
913590
913598
913625
913626
913643
913682
913748
913776
913821
913833
913862
914029
914034
914160
914186
914194
914212
914249
914650
914669
914697
914712
914739
914760
914764
914770
914782
914784
914786
914920
915039
915086
915176
915539
915638
915677
915733
915790
915867
915903
915935
916012
916013
916164
916167
916229
916329
916334
916339
916393
916396
916434
916440
916466
916471
916549
916577
916617
916626
916667
916669
916874
916879
916881
916889
916918
916930
916969
916991
917033
917034
917070
917072
917211
917230
917231
917442
917481
917484
917571
917754
917892
917894
917952
917954
918160
918324
918451
918477
918602
918759
918830
918842
918848
918970
919044
919074
919115
919219
919319
919387
919470
919488
919506
919799
919803
919827
920109
920326
920343
920349
920386
920453
920460
920486
920520
920661
920681
920777
920793
920816
920818
920881
920882
920903
920969
921052
921065
921109
921120
921278
921385
921387
921394
921409
921420
921456
921475
921513
921516
921656
921685
921765
921768
921774
922101
922104
922154
922165
922184
922259
922371
922429
922474
922632
922686
922765
922793
922847
923038
923173
923187
923273
923277
923350
923389
923569
923590
923639
923724
923730
923875
923918
924095
924112
924181
924189
924297
924327
924333
924377
924386
924393
924463
924499
924625
924634
924671
924683
924693
924706
924708
924727
924811
924844
924851
924881
924971
925065
925134
925153
925213
925441
925453
925485
925802
925947
925948
925993
926070
926158
926307
926325
926336
926353
926419
926474
926505
926510
926574
926596
926634
926756
926783
926786
926835
926936
926994
927044
927090
927119
927124
927149
927152
927169
927175
927201
927395
927410
927461
927533
927578
927686
927727
927875
927898
928018
928024
928054
928070
928076
928116
928159
928167
928315
928338
928436
928446
928457
928463
928472
928487
928494
928551
928578
928606
928608
928620
928649
928794
928899
928978
929106
929127
929154
929211
929231
929359
929426
929432
929464
929466
929470
929517
929598
929600
929606
929787
929791
929817
929838
929885
930011
930221
930226
930235
930376
930472
930534
930572
930582
930596
930611
930617
930621
930650
930767
930835
930838
930854
930903
931058
931070
931107
931212
931231
931303
931327
931355
931356
931381
931414
931540
931584
931624
931641
931659
931665
931704
931714
931745
931759
931787
931839
931926
931967
932000
932012
932013
932067
932209
932251
932297
932373
932485
932509
932546
932644
932701
932714
932781
932816
932825
932846
932847
932849
932873
932880
932957
932969
933134
933173
933174
933206
933264
933269
933282
933332
933347
933372
933388
933401
933423
933445
933522
933578
933651
933669
933931
933933
933964
934107
934181
934221
934277
934313
934448
934487
934507
934538
934540
934562
934612
934623
934672
934729
934732
934751
934799
934813
934863
935055
935094
935114
935281
935346
935364
935379
935403
935507
935519
935568
935657
935677
935703
935727
935833
936025
936088
936160
936358
936374
936391
936397
936425
936468
936469
936480
936485
936500
936559
936562
936572
936657
936665
936711
936713
936736
936749
936770
936772
936803
936867
936868
936898
937016
937031
937063
937077
937221
937261
937305
937342
937348
937362
937363
937365
937366
937367
937369
937371
937373
937375
937376
937377
937416
937449
937480
937530
937609
937621
937659
937696
937742
937753
937807
937890
937920
937943
937953
937984
938040
938063
938068
938075
938080
938104
938115
938140
938196
938220
938244
938284
938289
938362
938418
938459
938483
938486
938529
938554
938570
938598
938639
938641
938680
938682
938717
938853
938904
938935
938946
938956
939049
939055
939117
939124
939176
939456
939492
939568
939571
939650
939661
939675
939811
939865
939916
940077
940123
940146
940211
940276
940326
940335
940424
940503
940504
940542
940552
940559
940571
940624
940634
940647
940681
940703
940710
940718
940756
940775
940776
940801
940858
940882
940915
940921
940933
941011
941019
941035
941123
941226
941244
941247
941267
941369
941375
941424
941467
941471
941498
941519
941587
941612
941643
941645
941761
941801
941921
941923
942035
942042
942046
942083
942085
942093
942210
942216
942236
942258
942482
942665
942701
942705
942723
942877
942946
943014
943096
943136
943166
943201
943345
943374
943379
943404
943442
943469
943522
943526
943553
943651
943722
943744
943878
943980
944026
944187
944312
944317
944329
944403
944426
944436
944441
944476
944506
944595
944738
944803
944942
944957
944964
945004
945023
945048
945097
945108
945181
945261
945262
945316
945320
945331
945341
945396
945462
945481
945634
945704
945706
945715
945757
945801
945811
945897
945963
945973
945995
946026
946037
946096
946117
946128
946201
946281
946283
946287
946325
946334
946482
946718
946734
946812
946816
946866
946897
946937
947045
947051
947059
947109
947117
947141
947175
947365
947510
947512
947538
947567
947568
947805
947815
947848
947926
948047
948065
948223
948240
948254
948271
948398
948423
948441
948539
948707
948758
948876
948933
949095
949147
949178
949384
949388
949477
949501
949527
949649
949672
949724
949772
949782
949787
949850
949861
950114
950177
950202
950298
950320
950426
950462
950498
950502
950526
950753
950756
950770
950783
950815
950992
951107
951177
951369
951400
951516
951517
951527
951543
951571
951618
951737
951950
951965
952003
952011
952017
952019
952020
952021
952023
952025
952026
952027
952029
952034
952084
952102
952158
952222
952245
952268
952275
952278
952325
952427
952507
952577
952581
952610
952648
952746
952752
952818
952820
952902
952950
952957
953022
953023
953043
953047
953103
953105
953106
953203
953317
953337
953338
953428
953444
953459
953484
953570
953580
953582
953585
953622
953666
953720
953755
953843
953862
953905
953913
953921
953925
953935
953969
953985
954109
954112
954138
954154
954187
954218
954224
954296
954416
954421
954429
954547
954571
954687
954688
954689
954690
954781
954950
955041
955093
955120
955156
955241
955264
955319
955325
955348
955407
955508
955519
955592
955766
955784
955885
955944
956102
956161
956230
956349
956550
956556
956618
956663
956744
956897
956898
956905
956962
956998
957000
957001
957140
957147
957198
957237
957239
957244
957327
957333
957487
957493
957494
957551
957576
957604
957640
957643
957649
957652
957752
957861
957969
957970
958001
958066
958180
958194
958263
958281
958331
958579
958613
958763
958815
958877
958892
958933
958990
959068
959114
959168
959176
959177
959178
959193
959217
959373
959442
959459
959466
959497
959548
959608
959692
959937
959957
959975
960201
960202
960254
960371
960621
960684
960687
960763
960840
960886
961042
961090
961152
961184
961194
961201
961217
961237
961247
961261
961355
961367
961415
961452
961455
961557
961599
961736
961750
961759
961767
961784
961801
961842
962032
962079
962101
962114
962141
962154
962181
962192
962242
962287
962304
962347
962374
962449
962462
962491
962563
962566
962692
962789
962794
962835
962860
962902
962908
962915
962939
962940
963018
963151
963193
963208
963235
963265
963313
963326
963339
963393
963453
963466
963470
963522
963590
963677
963814
963966
964025
964041
964088
964149
964275
964280
964371
964428
964474
964510
964513
964556
964572
964659
964722
964728
964783
964794
964796
964816
964959
965029
965048
965059
965064
965207
965216
965242
965279
965306
965328
965372
965431
965437
965469
965485
965506
965510
965544
965567
965574
965617
965679
965760
965789
965805
965814
965891
965903
965957
965979
966003
966049
966053
966125
966148
966151
966178
966183
966241
966274
966279
966316
966386
966461
966635
966689
967005
967015
967049
967074
967079
967083
967277
967284
967290
967295
967364
967435
967465
967619
967657
967676
967732
967830
967880
967931
967959
967961
967962
968024
968251
968407
968409
968426
968442
968456
968562
968584
968588
968639
968642
968646
968663
968680
968727
968905
968910
969051
969075
969095
969205
969230
969403
969499
969533
969582
969641
969657
969662
969761
969762
969811
969828
969841
969942
970104
970136
970218
970233
970297
970378
970385
970406
970423
970433
970453
970490
970574
970605
970629
970633
970648
970666
970743
970787
971044
971059
971117
971307
971453
971553
971606
971615
971696
971721
971753
971760
971765
971819
971827
971885
971933
971939
971947
972118
972247
972309
972354
972362
972367
972382
972387
972412
972441
972567
972581
972661
972703
972731
972766
972838
972840
972879
972915
972997
973152
973171
973176
973290
973508
973527
973533
973537
973566
973617
973676
973772
973917
973936
973982
973994
974038
974055
974095
974109
974119
974163
974217
974231
974278
974282
974327
974432
974442
974470
974572
974731
974734
974757
974822
974926
975024
975100
975205
975211
975238
975466
975509
975518
975548
975684
975702
975740
975864
976008
976060
976118
976168
976190
976274
976295
976325
976529
976576
976603
976771
976927
977110
977337
977343
977392
977443
977489
977535
977741
977954
977983
978038
978045
978150
978185
978201
978226
978245
978285
978465
978519
978552
978560
978731
978740
978753
978777
979021
979160
979245
979255
979651
979656
979795
979813
979920
979935
979963
979982
980076
980124
980189
980200
980233
980238
980405
980415
980580
980583
980609
980672
980717
980737
980809
980850
980912
980922
980924
980941
981234
981263
981269
981332
981531
981713
982098
982112
982122
982183
982213
982216
982257
982266
982281
982394
982464
982524
982601
982662
982678
982686
982753
982804
982810
982818
982894
982929
982983
983054
983109
983267
983377
983403
983565
983634
983655
983662
983700
983814
983872
983956
983990
984009
984109
984124
984189
984196
984245
984306
984329
984395
984400
984516
984538
984670
984709
984776
984794
984813
984908
984948
984949
984953
984976
984989
984995
985007
985041
985042
985190
985191
985207
985355
985357
985440
985448
985454
985460
985551
985737
985831
985841
985861
985884
985951
985958
985962
986047
986104
986118
986134
986136
986195
986222
986259
986298
986320
986570
986590
986645
986734
986788
986800
986833
986911
986918
987024
987103
987114
987231
987233
987304
987319
987336
987571
987582
987643
987647
987892
987903
987905
987938
987980
988006
988009
988059
988194
988197
988313
988458
988476
988486
988505
988601
988603
988826
988859
988944
989010
989012
989081
989143
989163
989201
989209
989223
989245
989340
989343
989361
989376
989456
989467
989506
989584
989645
989661
989669
989672
989898
989952
990163
990182
990225
990377
990396
990417
990432
990498
990504
990506
990520
990531
990581
990586
990630
990691
990755
990763
990836
991010
991026
991031
991057
991058
991071
991079
991104
991355
991370
991413
991690
991864
991965
991971
991983
992031
992057
992265
992316
992437
992538
992550
992637
992661
992668
992713
992738
992789
992864
992872
992992
993004
993015
993021
993066
993126
993138
993176
993229
993254
993311
993364
993385
993418
993436
993461
993497
993542
993558
993610
993672
993677
993754
993819
993908
993918
993928
993950
993959
994011
994072
994093
994121
994184
994213
994307
994322
994405
994437
994450
994487
994560
994569
994578
994587
994717
994719
994726
994727
994755
994760
994773
994812
994817
994822
994836
994848
994878
994889
995003
995022
995052
995106
995121
995150
995155
995184
995229
995238
995321
995355
995356
995364
995399
995432
995453
995461
995471
995488
995514
995560
995577
995579
995580
995582
995584
995586
995700
995717
995738
995779
995805
995829
995930
995934
996051
996075
996273
996353
996559
996562
996563
996564
996593
996601
996631
996742
996743
996887
996905
996932
996937
996939
996977
996980
996981
996999
997014
997025
997032
997235
997246
997247
997257
997282
997304
997372
997478
997546
997695
997730
997738
997757
997830
997832
997861
997881
997922
997927
997957
997983
998039
998061
998141
998220
998244
998331
998421
998481
998495
998543
998572
998587
998621
998631
998721
998738
998753
998776
998852
998854
998857
998879
998909
998973
999011
999058
999133
999153
999170
999191
999205
999209
999213
999370
999474
999571
999576
999600
999751
999757
999800
999801
999803
999830
999853
999885
999906
999949
999998
1000000
1000003
1000045
1000080
1000082
1000086
1000144
1000153
1000177
1000262
1000292
1000359
1000391
1000425
1000427
1000441
1000462
1000561
1000587
1000594
1000691
1000693
1000696
1000701
1000711
1000717
1000789
1000852
1000893
1000895
1000918
1000988
1001004
1001010
1001018
1001030
1001124
1001132
1001227
1001276
1001307
1001352
1001407
1001516
1001612
1001637
1001684
1001708
1001809
1001839
1001916
1001942
1001951
1001976
1001977
1001987
1002013
1002071
1002104
1002113
1002146
1002155
1002158
1002183
1002191
1002221
1002224
1002229
1002236
1002293
1002299
1002343
1002437
1002451
1002510
1002529
1002532
1002569
1002597
1002641
1002686
1002703
1002741
1002743
1002760
1002761
1002766
1002845
1002853
1002869
1002884
1002945
1002949
1003766
1003803
1003821
1003836
1003851
1004094
1004141
1004199
1004223
1004255
1004319
1004339
1004375
1004379
1004427
1004445
1004446
1004483
1004485
1004500
1004556
1004579
1004696
1004707
1004708
1004709
1004724
1004764
1004780
1004781
1004968
1004991
1005057
1005060
1005067
1005092
1005108
1005155
1005164
1005193
1005213
1005216
1005304
1005311
1005339
1005353
1005358
1005368
1005369
1005405
1005492
1005562
1005629
1005683
1005840
1005889
1005905
1005944
1005968
1005971
1005972
1005985
1005986
1006024
1006050
1006051
1006052
1006053
1006054
1006055
1006084
1006114
1006164
1006225
1006269
1006337
1006356
1006430
1007176
1007209
1007243
1007316
1007434
1007483
1007542
1007544
1007547
1007555
1007598
1007606
1007612
1007618
1007624
1007645
1007682
1007748
1007799
1007819
1007839
1007858
1007859
1008017
1008055
1008113
1008144
1008164
1008173
1008188
1008224
1008248
1008290
1008419
1008438
1008468
1008470
1008496
1008544
1008647
1008817
1008838
1008883
1008896
1008899
1008978
1008992
1008994
1009006
1009065
1009086
1009225
1009278
1009335
1009372
1009397
1009471
1009555
1009566
1009642
1009784
1009979
1010055
1010169
1010296
1010348
1010349
1010393
1010409
1010415
1010417
1010434
1010467
1010475
1010500
1010501
1010555
1010584
1010651
1010656
1010657
1010674
1010704
1010734
1010741
1010786
1010798
1010839
1010841
1010874
1010885
1010906
1010951
1011248
1011560
1011600
1011612
1011617
1011789
1011834
1011882
1011905
1012016
1012111
1012159
1012329
1012540
1012811
1012858
1012916
1013000
1013087
1013142
1013197
1013205
1013255
1013389
1013454
1013536
1013553
1013565
1013586
1013648
1013702
1013904
1013922
1014195
1014203
1014309
1014319
1014346
1014358
1014414
1014457
1014462
1014533
1014702
1014736
1014754
1014798
1014902
1014936
1014974
1015002
1015116
1015135
1015200
1015268
1015336
1015594
1015778
1015942
1015963
1015975
1016038
1016078
1016125
1016175
1016210
1016217
1016389
1016533
1016598
1016847
1016868
1016884
1016907
1016924
1016939
1016962
1017064
1017087
1017111
1017141
1017159
1017170
1017251
1017277
1017505
1017667
1017761
1017763
1017806
1017888
1018051
1018121
1018122
1018236
1018297
1018298
1018301
1018421
1018425
1018451
1018481
1018526
1018573
1018609
1018619
1018633
1018732
1018753
1018830
1018838
1018884
1018925
1018969
1019119
1019121
1019129
1019230
1019266
1019283
1019310
1019330
1019395
1019407
1019413
1019423
1019480
1019508
1019511
1019631
1019634
1019645
1019656
1019677
1019760
1019772
1019793
1019796
1019799
1019802
1019813
1019863
1019882
1019893
1020031
1020049
1020161
1020201
1020230
1020287
1020341
1020441
1020456
1020508
1020591
1020602
1020615
1020834
1021053
1021057
1021084
1021110
1021236
1021256
1021284
1021312
1021338
1021378
1021402
1021423
1021430
1021437
1021474
1021514
1021592
1021701
1021711
1021737
1021806
1021952
1022024
1022037
1022093
1022119
1022129
1022200
1022221
1022225
1022241
1022265
1022364
1022407
1022455
1022467
1022505
1022557
1022568
1022633
1022640
1022664
1022803
1022830
1022866
1022889
1023130
1023171
1023273
1023281
1023344
1023358
1023367
1023380
1023382
1023430
1023443
1023447
1023450
1023500
1023525
1023532
1023533
1023585
1023589
1023638
1023648
1023654
1023683
1023688
1023724
1023736
1023740
1023773
1023838
1023954
1023989
1024014
1024052
1024079
1024234
1024253
1024397
1024420
1024447
1024548
1024572
1024613
1024633
1024645
1024805
1024819
1024919
1024990
1024995
1025020
1025052
1025154
1025232
1025253
1025257
1025361
1025371
1025383
1025398
1025421
1025435
1025449
1025450
1025473
1025491
1025517
1025540
1025604
1025610
1025705
1025735
1025761
1025823
1025826
1025852
1025869
1025931
1025934
1026006
1026015
1026046
1026048
1026071
1026082
1026149
1026152
1026157
1026174
1026197
1026198
1026208
1026216
1026236
1026239
1026291
1026298
1026358
1026380
1026385
1026464
1026531
1026564
1026592
1026594
1026621
1026683
1026771
1026816
1026839
1026884
1026904
1026961
1026971
1027063
1027128
1027158
1027216
1027237
1027299
1027349
1027415
1027465
1027566
1027607
1027611
1027626
1027655
1027717
1027725
1027736
1027839
1027861
1027863
1027896
1027905
1027956
1027964
1028027
1028087
1028120
1028221
1028224
1028227
1028260
1028276
1028319
1028320
1028432
1028489
1028555
1028559
1028622
1028739
1028756
1028764
1028867
1028880
1028886
1028914
1028915
1028940
1029017
1029045
1029144
1029189
1029207
1029208
1029265
1029269
1029307
1029322
1029369
1029444
1029445
1029456
1029459
1029461
1029462
1029464
1029541
1029590
1029617
1029702
1029754
1029817
1029824
1029840
1029865
1029933
1029965
1030044
1030127
1030144
1030154
1030172
1030222
1030302
1030314
1030562
1030601
1030614
1030667
1030670
1030677
1030691
1030694
1030697
1030791
1030823
1030843
1030848
1030916
1030945
1030959
1030980
1031008
1031140
1031220
1031256
1031320
1031341
1031348
1031360
1031409
1031431
1031499
1031527
1031538
1031553
1031631
1031705
1031707
1031720
1031758
1031796
1031875
1031889
1031896
1031908
1031918
1031952
1031968
1031975
1031991
1032019
1032148
1032158
1032199
1032269
1032308
1032321
1032485
1032531
1032550
1032566
1032627
1032640
1032676
1032685
1032737
1032755
1032806
1032848
1032935
1032980
1033051
1033169
1033186
1033233
1033394
1033409
1033415
1033467
1033511
1033530
1033602
1033608
1033767
1033988
1034019
1034085
1034112
1034126
1034137
1034146
1034159
1034224
1034448
1034545
1034667
1034844
1034882
1035048
1035147
1035163
1035188
1035389
1035410
1035445
1035496
1035521
1035597
1035815
1035827
1035851
1035916
1036008
1036035
1036039
1036082
1036133
1036158
1036233
1036258
1036305
1036352
1036393
1036416
1036538
1036828
1036899
1036902
1036905
1036985
1036990
1037000
1037248
1037264
1037329
1037426
1037450
1037451
1037454
1037484
1037520
1037565
1037635
1037665
1037679
1037696
1037698
1037741
1037809
1037892
1037913
1037960
1038042
1038051
1038189
1038275
1038279
1038287
1038305
1038337
1038411
1038419
1038472
1038604
1038605
1038681
1038697
1038699
1038723
1038762
1038767
1038846
1038875
1038957
1038965
1039070
1039141
1039168
1039198
1039217
1039284
1039299
1039303
1039343
1039357
1039382
1039431
1039432
1039506
1039568
1039644
1039693
1039696
1039715
1039787
1039815
1039867
1039878
1039883
1039901
1040057
1040158
1040162
1040174
1040202
1040232
1040238
1040240
1040257
1040259
1040300
1040325
1040332
1040333
1040336
1040383
1040396
1040465
1040492
1040540
1040554
1040585
1040592
1040633
1040667
1040692
1040703
1040708
1040730
1040828
1040848
1040916
1040923
1040928
1040933
1040944
1041056
1041068
1041158
1041166
1041170
1041178
1041238
1041259
1041265
1041283
1041315
1041319
1041334
1041357
1041373
1041401
1041413
1041416
1041418
1041555
1041596
1041679
1041694
1041764
1041787
1041789
1041804
1041864
1041905
1041933
1041957
1042010
1042025
1042043
1042060
1042150
1042161
1042174
1042187
1042230
1042244
1042249
1042259
1042273
1042310
1042316
1042319
1042348
1042362
1042428
1042451
1042503
1042524
1042528
1042534
1042546
1042547
1042550
1042566
1042573
1042590
1042646
1042647
1042650
1042661
1042720
1042730
1042793
1042815
1042843
1042877
1042896
1042907
1042908
1042925
1042937
1042943
1042983
1042992
1043007
1043017
1043054
1043100
1043117
1043168
1043279
1043298
1043300
1043313
1043317
1043439
1043510
1043615
1043634
1043677
1043696
1043812
1043826
1043975
1044146
1044162
1044229
1044236
1044267
1044274
1044403
1044461
1044463
1044483
1044522
1044603
1044647
1044660
1044661
1044672
1044677
1044703
1044705
1044710
1044716
1044726
1044791
1044795
1044817
1044891
1044930
1044947
1045069
1045080
1045147
1045205
1045388
1045543
1045550
1045557
1045581
1045585
1045598
1045645
1045663
1045667
1045688
1045692
1045695
1045715
1045798
1045834
1045866
1045903
1045957
1045962
1045984
1045988
1045992
1046044
1046121
1046164
1046171
1046189
1046192
1046209
1046215
1046279
1046320
1046373
1046445
1046455
1046482
1046528
1046613
1046618
1046623
1046644
1046678
1046680
1046684
1046715
1046774
1046796
1047068
1047109
1047123
1047135
1047254
1047286
1047312
1047337
1047361
1047406
1047409
1047530
1047555
1047561
1047639
1047690
1047897
1047940
1048001
1048002
1048026
1048032
1048039
1048040
1048043
1048044
1048046
1048111
1048133
1048263
1048277
1048279
1048294
1048296
1048407
1048477
1048509
1048510
1048513
1048514
1048528
1048545
1048570
1048598
1048609
1048615
1048786
1048794
1048837
1048895
1048904
1048969
1048999
1049007
1049012
1049017
1049020
1049055
1049132
1049136
1049291
1049298
1049319
1049330
1049335
1049344
1049361
1049385
1049386
1049390
1049403
1049404
1049405
1049530
1049590
1049618
1049671
1049811
1049813
1049918
1049945
1049954
1049956
1050036
1050155
1050171
1050202
1050254
1050304
1050334
1050349
1050356
1050363
1050376
1050378
1050420
1050425
1050430
1050459
1050472
1050474
1050494
1050524
1050527
1050571
1050617
1050641
1050676
1050829
1050871
1050927
1050935
1050952
1050969
1051034
1051440
1051441
1051442
1051449
1051488
1051610
1051616
1051627
1051643
1051825
1051898
1051974
1051984
1051996
1052113
1052128
1052143
1052154
1052165
1052238
1052248
1052270
1052281
1052302
1052324
1052386
1052388
1052394
1052399
1052448
1052491
1052587
1052647
1052665
1052681
1052694
1052732
1052850
1052852
1052870
1052873
1052886
1052904
1052930
1052933
1053119
1053122
1053284
1053313
1053325
1053338
1053346
1053357
1053424
1053452
1053457
1053614
1053623
1053747
1053781
1053836
1053860
1053939
1053959
1053989
1054103
1054105
1054138
1054234
1054239
1054240
1054296
1054300
1054341
1054363
1054473
1054501
1054552
1054554
1054575
1054581
1054646
1054716
1054816
1054960
1055012
1055129
1055132
1055400
1055504
1055529
1055561
1055644
1055749
1055753
1055756
1055764
1055811
1055818
1055831
1055835
1055884
1055918
1055938
1055943
1056093
1056108
1056131
1056136
1056182
1056209
1056445
1056532
1056560
1056654
1056666
1056680
1056688
1056708
1056719
1056722
1056809
1056927
1056956
1057009
1057018
1057138
1057201
1057309
1057344
1057369
1057399
1057421
1057424
1057435
1057440
1057519
1057577
1057599
1057667
1057709
1057723
1057821
1057843
1057885
1057887
1057910
1057951
1057971
1057985
1057989
1058008
1058016
1058116
1058126
1058161
1058163
1058172
1058181
1058288
1058301
1058359
1058371
1058489
1058509
1058518
1058532
1058540
1058550
1058594
1058602
1058614
1058687
1058723
1058824
1058829
1058948
1059010
1059065
1059066
1059099
1059169
1059203
1059209
1059244
1059310
1059355
1059377
1059414
1059427
1059434
1059455
1059526
1059528
1059548
1059552
1059571
1059606
1059639
1059641
1059647
1059650
1059707
1059894
1059920
1059992
1059993
1060063
1060101
1060143
1060148
1060253
1060369
1060398
1060472
1060490
1060493
1060494
1060495
1060518
1060565
1060597
1060720
1060738
1060844
1060884
1060944
1060960
1060981
1060990
1060992
1061047
1061071
1061151
1061152
1061191
1061197
1061246
1061285
1061298
1061304
1061323
1061327
1061330
1061374
1061466
1061485
1061491
1061502
1061532
1061648
1061709
1061710
1061714
1061764
1061807
1061840
1061897
1061898
1061964
1062059
1062156
1062170
1062203
1062214
1062216
1062233
1062239
1062285
1062307
1062312
1062321
1062350
1062358
1062399
1062448
1062509
1062534
1062545
1062556
1062662
1062704
1062735
1062758
1062761
1062836
1062901
1062964
1062978
1062999
1063059
1063060
1063062
1063109
1063127
1063171
1063175
1063188
1063207
1063262
1063280
1063434
1063449
1063490
1063492
1063502
1063619
1063692
1063753
1063812
1063820
1063893
1063896
1063908
1063975
1064001
1064019
1064027
1064141
1064157
1064248
1064298
1064312
1064445
1064497
1064516
1064532
1064616
1064627
1064652
1064692
1064698
1064746
1064860
1064861
1064883
1064884
1064891
1064892
1064901
1064933
1064958
1064968
1065008
1065028
1065071
1065103
1065109
1065132
1065134
1065145
1065198
1065203
1065248
1065249
1065306
1065326
1065338
1065341
1065419
1065462
1065497
1065514
1065612
1065618
1065676
1065698
1065793
1065828
1065865
1065890
1065935
1065940
1065958
1066003
1066077
1066089
1066147
1066150
1066167
1066171
1066180
1066215
1066220
1066239
1066240
1066249
1066252
1066267
1066268
1066301
1066450
1066482
1066530
1066568
1066640
1066692
1066788
1066873
1066874
1066960
1066988
1067012
1067043
1067107
1067108
1067111
1067195
1067228
1067332
1067355
1067384
1067439
1067452
1067478
1067622
1067648
1067654
1067717
1067746
1067748
1067753
1067766
1067803
1067804
1067820
1067824
1067873
1067876
1067877
1067943
1067945
1067961
1068011
1068063
1068158
1068170
1068192
1068198
1068220
1068242
1068292
1068350
1068401
1068438
1068439
1068443
1068454
1068464
1068474
1068500
1068605
1068624
1068637
1068648
1068672
1068678
1068755
1068831
1068863
1068922
1068977
1068987
1068988
1069048
1069075
1069114
1069124
1069126
1069130
1069257
1069319
1069394
1069532
1069551
1069600
1069641
1069659
1069674
1069710
1069712
1069725
1069748
1069785
1069854
1069914
1069934
1070070
1070089
1070108
1070165
1070175
1070182
1070233
1070255
1070268
1070407
1070432
1070433
1070492
1070569
1070613
1070627
1070635
1070675
1070700
1070708
1070801
1070824
1070844
1070866
1070958
1070966
1070969
1070991
1070996
1071010
1071028
1071078
1071137
1071175
1071186
1071187
1071207
1071215
1071246
1071267
1071278
1071306
1071308
1071313
1071335
1071355
1071359
1071360
1071366
1071367
1071380
1071423
1071496
1071569
1071576
1071579
1071596
1071685
1071735
1071774
1071778
1071788
1071792
1071795
1071804
1071861
1071931
1071936
1071943
1071980
1072001
1072002
1072013
1072054
1072091
1072207
1072210
1072213
1072216
1072320
1072413
1072424
1072564
1072611
1072632
1072748
1072768
1072829
1072858
1072920
1072948
1072961
1072982
1072983
1073033
1073082
1073085
1073147
1073186
1073192
1073195
1073224
1073333
1073374
1073392
1073456
1073457
1073531
1073596
1073690
1073708
1073803
1073904
1073992
1074041
1074058
1074094
1074095
1074142
1074245
1074293
1074398
1074436
1074441
1074530
1074538
1074578
1074628
1074695
1074772
1074915
1074940
1074961
1074967
1074980
1075066
1075067
1075154
1075217
1075315
1075335
1075361
1075417
1075456
1075461
1075465
1075476
1075558
1075563
1075566
1075592
1075594
1075654
1075839
1075893
1075972
1076030
1076050
1076082
1076099
1076104
1076144
1076151
1076250
1076273
1076471
1076523
1076525
1076530
1076644
1076713
1076740
1076788
1076826
1076854
1076888
1076889
1076955
1076969
1076987
1077025
1077040
1077069
1077070
1077074
1077102
1077113
1077149
1077201
1077205
1077239
1077282
1077370
1077391
1077401
1077450
1077457
1077462
1077633
1077687
1077719
1077802
1077824
1077845
1077950
1078004
1078042
1078060
1078075
1078135
1078145
1078212
1078272
1078351
1078367
1078411
1078420
1078421
1078460
1078480
1078491
1078501
1078506
1078560
1078604
1078614
1078662
1078666
1078683
1078740
1078759
1078767
1078794
1078800
1078817
1078935
1078945
1078963
1079053
1079112
1079276
1079295
1079302
1079335
1079365
1079376
1079395
1079457
1079549
1079552
1079592
1079652
1079664
1079712
1079739
1079755
1079778
1079799
1079859
1079869
1079874
1079957
1080057
1080059
1080080
1080097
1080119
1080121
1080123
1080155
1080156
1080342
1080374
1080383
1080397
1080413
1080472
1080572
1080645
1080713
1080734
1080735
1080779
1080781
1080804
1080814
1080835
1080874
1080883
1080910
1080935
1080970
1080972
1081032
1081050
1081061
1081087
1081154
1081192
1081217
1081227
1081237
1081240
1081259
1081290
1081294
1081361
1081429
1081448
1081472
1081520
1081541
1081623
1081640
1081687
1081722
1081795
1081818
1081821
1081892
1081894
1081973
1081976
1082052
1082059
1082102
1082104
1082137
1082147
1082171
1082199
1082228
1082320
1082362
1082436
1082454
1082463
1082491
1082506
1082519
1082534
1082572
1082578
1082581
1082617
1082664
1082770
1082788
1082873
1082894
1082920
1082959
1082984
1082998
1083028
1083046
1083116
1083124
1083166
1083175
1083339
1083444
1083501
1083521
1083523
1083537
1083632
1083768
1083792
1083931
1083954
1083995
1084006
1084016
1084019
1084022
1084065
1084280
1084441
1084490
1084493
1084688
1084692
1084699
1084746
1084765
1084903
1084985
1085142
1085179
1085188
1085225
1085241
1085321
1085328
1085331
1085483
1085492
1085501
1085505
1085523
1085555
1085592
1085649
1085749
1085776
1085781
1085782
1085788
1085789
1085800
1085813
1085823
1085888
1085889
1085899
1085929
1085957
1085962
1085976
1086032
1086034
1086128
1086130
1086173
1086257
1086262
1086285
1086287
1086313
1086325
1086390
1086466
1086501
1086511
1086528
1086548
1086610
1086616
1086621
1086642
1086672
1086678
1086696
1086704
1086773
1086795
1086865
1086880
1086895
1086898
1086899
1086997
1087008
1087021
1087028
1087074
1087136
1087170
1087175
1087197
1087301
1087303
1087309
1087362
1087367
1087395
1087396
1087402
1087453
1087463
1087494
1087506
1087545
1087552
1087620
1087681
1087693
1087939
1087945
1088200
1088279
1088425
1088446
1088454
1088495
1088500
1088554
1088581
1088600
1088618
1088692
1088713
1088815
1088880
1088915
1088966
1089184
1089209
1089217
1089235
1089254
1089261
1089459
1089481
1089534
1089570
1089572
1089573
1089675
1089801
1089871
1089904
1089907
1090011
1090032
1090122
1090123
1090136
1090244
1090245
1090258
1090410
1090426
1090447
1090450
1090528
1090585
1090706
1090922
1091055
1091071
1091075
1091101
1091121
1091181
1091252
1091411
1091427
1091511
1091519
1091522
1091665
1091680
1091952
1092127
1092141
1092179
1092290
1092329
1092341
1092363
1092439
1092443
1092453
1092456
1092511
1092533
1092591
1092618
1092636
1092644
1092722
1092740
1092892
1092908
1092910
1092918
1092928
1093002
1093063
1093184
1093195
1093197
1093231
1093366
1093499
1093505
1093514
1093524
1093569
1093609
1093612
1093652
1093659
1093671
1093705
1093757
1093802
1093808
1093814
1093825
1093926
1093948
1093972
1094001
1094012
1094020
1094039
1094188
1094207
1094212
1094300
1094302
1094474
1094708
1094723
1094831
1094932
1094942
1095174
1095201
1095243
1095281
1095296
1095323
1095471
1095475
1095525
1095744
1096316
1096742
1096973
1099081
1099614
1099629
1099703
1099727
1099764
1099807
1099828
1099910
1099918
1099994
1100038
1100153
1100187
1100199
1100240
1100410
1100412
1100453
1100498
1100525
1100602
1100676
1100728
1100856
1100954
1100960
1100963
1100973
1101012
1101081
1101170
1101236
1101281
1101287
1101383
1101465
1101478
1101608
1101681
1101963
1102491
1103051
1103134
1103253
1103631
1104012
1104254
1104683
1104734
1104995
1105000
1105743
1106095
1106106
1106187
1106204
1106209
1106240
1106243
1106370
1106401
1106403
1106511
1106523
1106563
1106565
1106571
1106656
1106668
1106697
1106725
1106756
1106783
1106790
1106801
1106809
1106813
1106861
1106965
1106970
1106982
1106988
1107000
1107131
1107144
1107159
1107163
1107164
1107167
1107199
1107298
1107302
1107305
1107309
1107361
1107382
1107385
1107441
1107470
1107477
1107510
1107529
1107538
1107542
1107552
1107566
1107599
1107603
1107645
1107670
1107713
1107966
1107976
1107986
1107988
1108009
1108039
1108076
1108082
1108083
1108105
1108156
1108275
1108319
1108426
1108539
1108599
1108645
1108698
1108702
1108799
1108825
1108891
1109004
1109145
1109246
1109249
1109262
1109264
1109272
1109299
1109302
1109330
1109428
1109452
1109471
1109493
1109498
1109579
1109605
1109606
1109607
1109608
1109636
1109675
1109683
1109733
1109772
1109773
1109823
1109852
1109872
1110070
1110171
1110297
1110370
1110398
1110400
1110466
1110471
1110498
1110499
1110510
1110525
1110537
1110595
1110602
1110607
1110674
1110685
1110731
1110734
1110750
1110821
1110840
1110852
1110881
1111041
1111079
1111150
1111161
1111164
1111216
1111298
1111332
1111358
1111370
1111385
1111442
1111456
1111457
1111464
1111479
1111486
1111506
1111511
1111588
1111613
1111627
1111698
1111745
1111779
1111914
1111944
1112063
1112167
1112185
1112252
1112421
1112439
1112478
1112508
1112517
1112633
1112650
1112701
1112714
1112730
1112823
1112881
1113019
1113050
1113093
1113205
1113622
1113959
1114144
1114219
1114279
1114281
1114370
1114378
1114388
1114405
1114432
1114520
1114610
1114665
1114687
1114818
1114828
1114834
1114896
1114935
1114948
1115011
1115016
1115042
1115072
1115120
1115133
1115135
1115194
1115235
1115253
1115280
1115301
1115383
1115404
1115461
1115478
1115527
1115529
1115556
1115571
1115589
1115699
1115701
1115702
1115705
1115743
1115866
1115870
1115902
1115907
1115959
1115982
1116031
1116064
1116073
1116084
1116113
1116123
1116208
1116265
1116312
1116370
1116382
1116395
1116425
1116439
1116511
1116512
1116513
1116535
1116568
1116608
1116611
1116638
1116650
1116663
1116908
1116909
1117031
1117127
1117163
1117168
1117188
1117258
1117261
1117275
1117291
1117323
1117396
1117421
1117784
1117811
1117887
1117903
1117997
1118014
1118211
1118234
1118257
1118281
1118313
1118314
1118317
1118345
1118350
1118366
1118379
1118389
1118434
1118504
1118668
1118685
1118691
1118709
1118719
1118775
1118795
1118799
1118806
1118821
1118890
1119609
1119638
1119657
1119690
1119691
1119702
1119772
1119790
1119840
1119887
1119903
1119975
1119989
1119998
1120007
1120114
1120189
1120226
1120246
1120320
1120395
1120402
1120424
1120501
1120573
1120611
1120852
1120877
1120951
1120988
1121024
1121030
1121081
1121194
1121198
1121204
1121264
1121358
1121424
1121554
1121628
1121668
1121700
1121774
1121923
1122033
1122066
1122149
1122216
1122277
1122349
1122355
1122406
1122413
1122459
1122479
1122480
1122488
1122501
1122541
1122634
1122670
1122671
1122685
1122756
1122819
1122835
1122934
1122944
1122999
1123089
1123106
1123174
1123183
1123256
1123367
1123415
1123525
1123589
1123714
1123761
1123764
1123795
1123827
1123884
1123911
1123999
1124041
1124095
1124111
1124135
1124166
1124168
1124196
1124254
1124300
1124302
1124313
1124358
1124372
1124384
1124390
1124403
1124408
1124410
1124424
1124527
1124533
1124544
1124588
1124704
1124718
1124724
1124742
1124777
1124881
1124894
1124906
1124907
1124936
1125219
1125230
1125252
1125295
1125461
1125476
1125506
1125576
1125593
1125595
1125650
1125673
1125744
1125754
1125756
1125759
1125761
1125768
1125809
1125848
1125892
1125899
1125911
1125915
1125987
1126042
1126043
1126057
1126062
1126072
1126082
1126092
1126110
1126154
1126164
1126168
1126196
1126237
1126248
1126258
1126285
1126289
1126292
1126305
1126356
1126361
1126383
1126391
1126393
1126441
1126487
1126490
1126517
1126596
1126633
1126668
1126714
1126773
1126819
1126856
1126888
1126890
1126940
1126965
1127016
1127024
1127062
1127066
1127099
1127104
1127170
1127174
1127221
1127270
1127321
1127363
1127392
1127396
1127463
1127474
1127540
1127555
1127585
1127591
1127611
1127640
1127643
1127728
1127777
1127813
1127828
1127862
1127892
1127895
1127937
1127964
1128010
1128042
1128096
1128102
1128210
1128222
1128256
1128289
1128298
1128309
1128360
1128383
1128416
1128518
1128553
1128559
1128605
1128730
1128746
1128752
1128788
1128796
1128818
1128819
1128844
1128880
1128948
1128954
1128960
1129033
1129040
1129049
1129083
1129132
1129153
1129270
1129333
1129349
1129388
1129444
1129509
1129583
1129660
1129671
1129752
1129753
1129762
1129785
1130051
1130058
1130141
1130289
1130300
1130306
1130319
1130362
1130464
1130493
1130502
1130714
1130738
1130744
1130781
1130833
1130881
1130908
1130944
1130974
1131012
1131119
1131144
1131171
1131192
1131206
1131216
1131284
1131455
1131471
1131474
1131508
1131529
1131552
1131555
1131612
1131646
1131681
1131789
1131791
1131804
1131818
1131888
1131915
1132003
1132128
1132147
1132167
1132188
1132196
1132232
1132255
1132292
1132296
1132392
1132397
1132435
1132459
1132496
1132589
1132705
1132711
1132712
1132737
1132770
1132836
1132971
1133002
1133009
1133052
1133079
1133103
1133107
1133120
1133126
1133217
1133223
1133231
1133306
1133325
1133334
1133364
1133395
1133629
1133649
1133675
1133727
1133754
1133801
1133806
1133855
1133860
1133893
1133968
1133985
1134058
1134071
1134099
1134123
1134194
1134239
1134272
1134294
1134309
1134379
1134480
1134512
1134615
1134634
1134721
1134724
1134876
1134951
1134976
1134991
1135055
1135085
1135102
1135119
1135128
1135177
1135204
1135227
1135252
1135372
1135452
1135466
1135527
1135529
1135551
1135552
1135580
1135633
1135634
1135677
1135703
1135767
1135784
1135856
1135891
1135907
1135947
1135960
1136005
1136021
1136023
1136065
1136092
1136105
1136108
1136173
1136180
1136230
1136260
1136263
1136633
1137403
1137407
1137505
1137584
1137666
1137730
1137734
1137769
1137785
1137851
1137897
1137920
1137922
1138035
1138054
1138069
1138086
1138121
1138152
1138263
1138305
1138344
1138463
1138551
1138559
1138571
1138602
1138695
1138820
1138830
1138895
1139070
1139101
1139104
1139111
1139174
1139180
1139302
1139332
1139335
1139390
1139461
1139565
1139567
1139568
1139593
1139624
1139652
1139671
1139673
1139686
1139708
1139755
1139805
1139841
1139909
1139933
1139979
1139996
1140026
1140087
1140115
1140147
1140182
1140290
1140437
1140504
1140548
1140606
1140720
1140823
1140864
1140875
1140885
1140902
1140909
1140937
1140948
1140985
1141152
1141232
1141266
1141384
1141415
1141420
1141539
1141545
1141613
1141685
1141713
1141731
1141830
1141964
1141990
1142135
1142164
1142173
1142196
1142217
1142251
1142270
1142274
1142284
1142325
1142331
1142365
1142367
1142372
1142373
1142422
1142490
1142630
1142651
1142711
1142904
1142915
1142985
1143005
1143056
1143107
1143112
1143122
1143164
1143219
1143320
1143363
1143404
1143496
1143508
1143512
1143566
1143635
1143703
1143750
1143764
1143773
1143785
1143804
1143849
1143864
1143882
1143921
1144006
1144106
1144247
1144255
1144330
1144346
1144380
1144411
1144604
1144745
1144757
1144861
1144987
1145027
1145029
1145108
1145119
1145145
1145183
1145442
1145500
1145566
1145691
1145751
1145806
1145844
1145912
1146021
1146158
1146219
1146323
1146417
1146435
1146479
1146490
1146512
1146514
1146605
1146609
1146661
1146669
1146671
1146676
1146693
1146816
1146824
1146898
1146917
1146941
1146991
1147090
1147131
1147184
1147227
1147309
1147466
1147478
1147547
1147551
1147813
1147846
1148005
1148107
1148111
1148163
1148175
1148176
1148185
1148255
1148267
1148296
1148357
1148379
1148386
1148416
1148462
1148466
1148754
1148813
1148833
1148962
1148985
1149181
1149260
1149290
1149345
1149356
1149417
1149444
1149590
1149598
1149688
1149690
1149770
1149819
1149897
1149915
1149924
1149945
1149946
1149987
1150083
1150130
1150212
1150227
1150272
1150296
1150312
1150495
1150496
1150518
1150687
1150791
1150827
1150884
1150900
1151021
1151102
1151116
1151121
1151134
1151263
1151297
1151301
1151409
1151452
1151539
1151689
1151697
1151718
1151735
1151901
1151934
1151987
1152001
1152004
1152037
1152104
1152198
1152252
1152342
1152357
1152420
1152482
1152487
1152488
1152513
1152595
1152613
1152621
1152650
1152683
1152690
1152691
1152721
1152736
1152944
1153024
1153121
1153135
1153200
1153208
1153211
1153218
1153247
1153256
1153319
1153433
1153440
1153461
1153472
1153516
1153519
1153611
1153658
1153712
1153716
1153830
1153972
1153977
1154040
1154053
1154125
1154181
1154183
1154293
1154413
1154455
1154497
1154645
1154655
1154664
1154717
1154750
1154804
1155122
1155189
1155267
1155276
1155401
1155406
1155411
1155422
1155489
1155770
1155789
1155816
1155820
1156072
1156077
1156105
1156156
1156230
1156238
1156262
1156316
1156321
1156323
1156334
1156336
1156337
1156388
1156463
1156468
1156477
1156500
1156519
1156636
1156689
1156799
1156804
1157030
1157121
1157127
1157239
1157317
1157504
1157539
1157608
1157614
1157674
1157739
1157758
1157779
1157934
1157966
1158092
1158179
1158198
1158408
1158427
1158659
1158662
1158734
1158835
1159006
1159074
1159080
1159128
1159140
1159210
1159264
1159296
1159358
1159372
1159465
1159518
1159529
1159539
1159621
1159638
1159646
1159707
1159718
1159819
1159841
1159851
1159856
1159921
1160030
1160214
1160243
1160331
1160379
1160382
1160384
1160386
1160415
1160421
1160447
1160479
1160530
1160570
1160698
1160716
1160775
1160797
1160874
1160978
1161067
1161163
1161280
1161288
1161293
1161317
1161328
1161369
1161438
1161451
1161471
1161502
1161511
1161538
1161676
1161721
1161812
1161862
1161896
1161946
1162014
1162101
1162147
1162169
1162458
1162516
1162596
1162705
1162726
1162793
1162820
1162851
1162853
1162977
1163007
1163013
1163019
1163062
1163080
1163101
1163166
1163169
1163195
1163212
1163233
1163266
1163283
1163312
1163345
1163467
1163490
1163571
1163611
1163658
1163716
1163724
1163893
1163934
1164017
1164066
1164081
1164192
1164284
1164300
1164341
1164413
1164428
1164485
1164543
1164544
1164819
1164894
1164906
1164951
1164962
1164976
1165012
1165051
1165126
1165225
1165383
1165474
1165482
1165486
1165490
1165569
1165574
1165699
1165711
1165726
1165871
1165962
1165963
1166051
1166089
1166169
1166193
1166301
1166388
1166407
1166408
1166409
1166418
1166435
1166497
1166553
1166578
1166621
1166725
1166733
1166744
1166820
1166842
1166867
1166900
1166989
1166999
1167026
1167084
1167095
1167190
1167196
1167265
1167384
1167414
1167423
1167575
1167593
1167652
1167747
1167758
1167805
1167806
1167832
1167845
1168200
1168203
1168235
1168243
1168321
1168326
1168338
1168363
1168420
1168525
1168532
1168553
1168575
1168584
1168602
1168618
1168683
1168718
1168775
1168789
1168810
1168874
1168905
1168976
1169048
1169063
1169158
1169262
1169283
1169382
1169383
1169416
1169437
1169453
1169547
1169554
1169599
1169615
1169699
1169718
1169721
1169836
1169855
1169856
1169857
1169863
1169890
1169928
1169949
1169996
1170018
1170372
1170464
1170485
1170499
1170500
1170544
1170583
1170585
1170755
1170876
1170902
1170907
1170913
1170939
1170943
1170970
1170974
1170979
1171015
1171057
1171093
1171138
1171175
1171185
1171191
1171260
1171305
1171312
1171314
1171326
1171450
1171517
1171526
1171600
1171856
1171936
1171969
1171995
1172042
1172100
1172139
1172206
1172224
1172244
1172395
1172521
1172579
1172588
1172715
1172887
1172921
1172923
1172930
1173027
1173059
1173078
1173188
1173203
1173252
1173316
1173317
1173337
1173356
1173357
1173450
1173481
1173504
1173515
1173519
1173524
1173623
1173685
1173751
1173812
1173830
1173892
1173955
1174249
1174315
1174381
1174459
1174514
1174529
1174622
1174679
1174684
1174687
1174725
1174767
1175018
1175020
1175078
1175083
1175170
1175177
1175178
1175211
1175226
1175315
1175327
1175419
1175508
1175619
1175674
1175681
1175733
1175752
1175781
1175813
1175819
1175984
1175991
1176003
1176011
1176109
1176120
1176132
1176280
1176282
1176336
1176466
1176493
1176534
1176556
1176615
1176619
1176639
1176646
1176656
1176697
1176767
1176794
1176806
1176830
1176841
1176864
1176923
1177034
1177061
1177170
1177180
1177229
1177271
1177299
1177468
1177482
1177516
1177557
1177693
1177702
1177761
1177791
1178044
1178104
1178170
1178297
1178305
1178367
1178382
1178398
1178401
1178425
1178525
1178539
1178601
1178606
1178744
1178793
1178812
1178813
1178816
1178847
1178868
1178897
1179059
1179081
1179085
1179101
1179238
1179243
1179505
1179518
1179590
1179633
1179636
1179824
1180150
1180186
1180294
1180411
1180426
1180458
1180477
1180518
1180523
1180548
1180625
1180652
1180669
1180845
1181098
1181111
1181115
1181137
1181234
1181282
1181286
1181326
1181419
1181428
1181494
1181518
1181611
1181683
1181698
1181746
1181842
1181859
1181933
1181970
1182046
1182170
1182175
1182197
1182220
1182302
1182308
1182317
1182340
1182356
1182366
1182412
1182415
1182512
1182531
1182625
1182803
1182971
1182972
1182995
1183001
1183150
1183206
1183220
1183252
1183257
1183271
1183293
1183344
1183534
1183546
1183576
1183613
1183615
1183629
1183641
1183668
1183728
1183785
1183882
1183935
1184063
1184075
1184099
1184160
1184217
1184282
1184308
1184309
1184352
1184392
1184582
1184710
1184758
1184766
1184870
1184907
1184934
1185010
1185117
1185165
1185173
1185206
1185227
1185347
1185366
1185371
1185406
1185442
1185526
1185552
1185554
1185691
1185700
1185806
1185848
1185973
1186079
1186138
1186176
1186274
1186398
1186477
1186523
1186704
1186710
1186715
1186845
1186925
1186999
1187019
1187045
1187112
1187168
1187222
1187275
1187278
1187294
1187404
1187557
1187561
1187584
1187612
1187621
1187648
1187676
1187698
1187700
1187708
1187745
1187832
1187849
1187901
1187941
1188032
1188269
1188334
1188474
1188541
1188562
1188608
1188616
1188774
1188933
1188973
1188981
1189154
1189193
1189257
1189270
1189326
1189446
1189449
1189462
1189555
1189603
1189812
1189870
1189872
1189929
1190049
1190147
1190148
1190151
1190152
1190177
1190224
1190321
1190351
1190508
1190530
1190679
1190702
1190776
1190826
1190902
1190947
1190986
1191034
1191076
1191104
1191170
1191198
1191242
1191267
1191346
1191402
1191512
1191608
1191627
1191728
1191747
1191787
1191789
1191802
1191807
1191813
1191855
1191871
1191878
1191895
1191916
1192113
1192152
1192161
1192274
1192385
1192387
1192451
1192529
1192589
1192691
1192701
1193026
1193131
1193252
1193370
1193464
1193516
1193541
1193552
1193559
1193613
1193830
1193842
1193845
1193937
1194063
1194086
1194121
1194212
1194228
1194239
1194283
1194292
1194426
1194449
1194473
1194563
1194630
1194762
1194816
1194871
1194889
1194912
1195071
1195132
1195213
1195297
1195307
1195535
1195681
1195689
1195784
1195869
1196154
1196210
1196243
1196266
1196294
1196337
1196351
1196432
1196449
1196485
1196563
1196644
1196710
1196723
1196780
1196823
1196898
1196963
1196996
1196997
1197093
1197108
1197170
1197306
1197447
1197460
1197610
1197773
1197795
1197816
1197837
1197918
1198028
1198169
1198185
1198200
1198221
1198261
1198348
1198402
1198547
1198549
1198568
1198646
1198693
1198700
1198750
1198815
1198981
1199041
1199057
1199063
1199087
1199108
1199155
1199189
1199306
1199335
1199341
1199442
1199597
1199649
1199652
1199663
1199737
1199777
1199932
1199933
1199953
1200034
1200144
1200156
1200191
1200203
1200206
1200211
1200322
1200396
1200521
1200581
1200716
1200848
1200858
1200874
1200935
1201036
1201047
1201076
1201090
1201097
1201098
1201134
1201153
1201159
1201340
1201359
1201378
1201422
1201501
1201586
1201593
1201594
1201596
1201600
1201666
1201829
1201833
1201937
1201944
1201950
1201987
1202001
1202055
1202121
1202181
1202208
1202376
1202386
1202391
1202444
1202445
1202539
1202543
1202709
1202719
1202727
1202810
1202824
1202893
1203002
1203060
1203210
1203293
1203305
1203413
1203465
1203483
1203577
1203603
1203610
1203722
1203771
1203846
1203894
1203911
1203942
1203954
1204052
1204086
1204106
1204111
1204156
1204263
1204273
1204310
1204324
1204386
1204547
1204563
1204580
1204621
1204623
1204859
1204860
1204908
1205016
1205110
1205137
1205144
1205156
1205184
1205186
1205254
1205267
1205306
1205322
1205450
1205453
1205504
1205529
1205539
1205560
1205602
1205614
1205620
1205649
1205668
1205671
1205726
1205849
1206079
1206160
1206199
1206274
1206365
1206394
1206463
1206803
1206827
1206882
1206920
1207015
1207028
1207041
1207081
1207151
1207200
1207206
1207222
1207253
1207287
1207306
1207335
1207387
1207440
1207451
1207458
1207497
1207519
1207555
1207739
1207915
1208103
1208119
1208142
1208197
1208225
1208340
1208404
1208433
1208491
1208547
1208549
1208555
1208558
1208802
1208803
1208885
1208909
1208910
1208912
1208929
1208945
1208971
1208992
1209039
1209041
1209083
1209100
1209114
1209209
1209260
1209271
1209278
1209333
1209375
1209391
1209444
1209458
1209499
1209720
1209764
1209779
1209829
1209867
1209894
1209921
1209942
1210005
1210098
1210103
1210116
1210117
1210145
1210165
1210197
1210198
1210199
1210200
1210224
1210309
1210470
1210499
1210544
1210548
1210596
1210609
1210768
1210864
1210877
1210880
1210892
1211022
1211027
1211046
1211181
1211491
1211528
1211576
1211601
1211640
1211644
1211747
1211755
1211797
1211812
1211902
1211964
1211967
1211999
1212076
1212189
1212195
1212257
1212459
1212493
1212501
1212585
1212586
1212849
1212868
1212896
1212948
1212956
1212958
1213076
1213162
1213164
1213250
1213285
1213311
1213340
1213414
1213422
1213459
1213472
1213490
1213494
1213532
1213537
1213674
1213692
1213796
1213894
1214027
1214056
1214489
1214537
1214540
1214739
1214878
1214909
1214933
1214990
1215011
1215022
1215023
1215028
1215090
1215113
1215269
1215304
1215373
1215384
1215412
1215547
1215559
1215619
1215785
1215833
1215851
1215865
1215904
1215914
1215954
1216016
1216018
1216029
1216117
1216184
1216208
1216300
1216386
1216394
1216415
1216423
1216475
1216483
1216512
1216518
1216570
1216580
1216691
1216745
1216749
1216810
1216841
1216895
1216992
1217223
1217385
1217391
1217404
1217440
1217468
1217512
1217522
1217573
1217576
1217628
1217678
1217679
1217739
1217765
1217782
1217788
1217808
1217849
1217902
1217969
1218137
1218158
1218177
1218193
1218201
1218240
1218251
1218286
1218319
1218333
1218397
1218464
1218543
1218594
1218606
1218701
1218703
1218718
1218752
1218767
1218781
1218786
1218789
1218906
1218948
1218965
1218980
1219036
1219038
1219059
1219067
1219096
1219158
1219168
1219186
1219190
1219195
1219257
1219266
1219290
1219335
1219340
1219349
1219381
1219435
1219492
1219611
1219627
1219628
1219851
1219871
1219911
1219933
1220056
1220114
1220209
1220213
1220279
1220359
1220512
1220564
1220567
1220570
1220623
1220648
1220915
1220923
1220962
1221104
1221139
1221178
1221180
1221419
1221436
1221456
1221531
1221549
1221575
1221629
1221631
1221665
1221753
1221778
1221818
1221825
1221882
1221935
1222053
1222116
1222136
1222191
1222281
1222283
1222422
1222630
1222823
1222986
1222994
1223070
1223118
1223169
1223179
1223186
1223188
1223248
1223307
1223312
1223322
1223350
1223468
1223554
1223564
1223614
1223626
1223654
1223736
1223837
1224126
1224141
1224175
1224177
1224183
1224209
1224211
1224301
1224437
1224459
1224501
1224552
1224625
1224683
1224697
1224758
1224795
1224837
1224875
1224896
1224924
1224950
1225088
1225112
1225148
1225293
1225450
1225473
1225507
1225512
1225579
1225580
1225583
1225650
1225735
1225762
1225868
1225996
1226066
1226156
1226159
1226165
1226205
1226306
1226325
1226397
1226414
1226426
1226449
1226547
1226599
1226652
1226665
1226748
1226960
1227043
1227175
1227188
1227285
1227307
1227318
1227459
1227532
1227585
1227633
1227643
1227655
1227680
1227687
1227806
1227820
1227929
1228037
1228205
1228243
1228372
1228454
1228463
1228510
1228520
1228528
1228558
1228582
1228587
1228596
1228647
1228654
1228718
1228781
1228842
1228979
1228984
1229048
1229156
1229296
1229300
1229316
1229351
1229365
1229424
1229441
1229442
1229482
1229491
1229771
1229774
1230008
1230216
1230230
1230337
1230364
1230366
1230444
1230603
1230659
1230676
1230772
1230922
1231014
1231102
1231266
1231295
1231379
1231403
1231429
1231452
1231512
1231636
1231654
1231674
1231705
1231717
1231748
1231880
1231984
1232259
1232272
1232344
1232446
1232491
1232770
1232905
1233028
1233112
1233208
1233263
1233270
1233308
1233339
1233462
1233563
1233805
1233998
1234032
1234053
1234228
1234291
1234332
1234338
1234399
1234409
1234518
1234530
1234565
1234581
1234641
1234731
1235070
1235091
1235153
1235243
1235257
1235447
1235500
1235539
1235555
1235681
1235690
1235723
1235770
1235945
1235995
1236082
1236204
1236272
1236304
1236319
1236353
1236420
1236520
1236584
1236689
1236707
1236788
1236798
1236812
1236832
1236840
1236946
1237022
1237086
1237090
1237167
1237180
1237282
1237365
1237389
1237536
1237573
1237574
1237708
1237784
1237811
1238270
1238274
1238280
1238313
1238356
1238410
1238414
1238417
1238448
1238520
1238547
1238556
1238582
1238651
1238685
1238744
1238819
1238946
1238963
1239077
1239098
1239099
1239101
1239239
1239264
1239266
1239309
1239331
1239410
1239449
1239455
1239624
1239633
1239703
1239796
1239803
1239837
1239930
1240015
1240060
1240140
1240320
1240338
1240341
1240469
1240565
1240640
1240647
1240678
1240722
1240728
1240791
1240961
1241425
1241478
1241847
1241855
1241892
1242005
1242043
1242111
1242141
1242178
1242181
1242197
1242207
1242307
1242372
1242394
1242453
1242523
1242726
1242730
1242971
1243017
1243037
1243044
1243049
1243166
1243192
1243343
1243351
1243393
1243436
1243471
1243523
1243535
1243618
1243656
1243677
1243783
1243810
1243861
1243980
1244068
1244187
1244296
1244431
1244492
1244588
1244696
1244857
1244900
1244902
1245018
1245027
1245067
1245111
1245113
1245199
1245230
1245278
1245392
1245467
1245630
1245633
1245642
1245731
1245758
1245777
1245819
1245833
1245882
1245935
1245956
1246057
1246179
1246193
1246316
1246319
1246342
1246401
1246497
1246513
1246545
1246617
1246625
1246753
1246830
1246852
1247047
1247064
1247099
1247287
1247293
1247508
1247634
1247652
1247705
1247722
1247766
1247820
1248045
1248053
1248145
1248299
1248438
1248491
1248695
1248707
1248738
1248886
1248888
1248973
1248978
1248994
1249079
1249083
1249122
1249194
1249228
1249237
1249516
1249517
1249534
1249750
1249911
1250006
1250149
1250198
1250292
1250293
1250382
1250462
1250764
1250869
1250885
1250917
1251026
1251042
1251111
1251152
1251226
1251468
1251846
1251850
1251905
1251908
1251974
1252183
1252196
1252221
1252267
1252412
1252455
1252502
1252543
1252592
1252670
1252689
1252785
1252799
1252859
1252867
1252888
1252917
1252932
1252933
1252964
1252966
1253035
1253042
1253048
1253052
1253137
1253278
1253283
1253287
1253314
1253351
1253428
1253513
1253727
1253761
1253765
1253826
1253828
1253835
1253847
1254042
1254074
1254132
1254146
1254163
1254359
1254395
1254535
1254554
1254588
1254629
1254645
1254652
1254781
1255098
1255132
1255139
1255163
1255244
1255265
1255319
1255450
1255520
1255548
1255605
1266895
1266957
1267002
1267062
1267084
1267162
1267179
1267203
1267218
1267259
1267261
1267302
1267312
1267327
1267328
1267342
1267428
1267461
1267665
1267669
1267767
1267795
1267911
1267914
1268001
1268022
1268047
1268174
1268191
1268234
1268296
1268301
1268349
1268497
1268581
1268589
1268638
1268676
1268772
1268845
1268859
1268894
1268917
1269015
1269050
1269079
1269118
1269176
1269215
1269226
1269289
1269318
1269354
1269357
1269365
1269427
1269465
1269480
1269672
1269676
1269796
1269914
1269985
1270007
1270023
1270118
1270272
1270390
1270401
1270415
1270462
1270478
1270487
1270556
1270599
1270624
1270667
1270758
1270762
1270827
1270860
1270948
1270986
1270999
1271011
1271016
1271017
1271044
1271114
1271135
1271139
1271163
1271211
1271217
1271229
1271235
1271251
1271275
1271333
1271342
1271373
1271394
1271416
1271425
1271470
1271497
1271515
1271658
1271669
1271730
1271798
1271918
1271946
1271999
1272002
1272115
1272173
1272227
1272235
1272287
1272356
1272373
1272395
1272402
1272472
1272505
1272523
1272567
1272757
1272898
1272912
1272972
1273011
1273091
1273163
1273165
1273194
1273197
1273242
1273254
1273348
1273401
1273431
1273472
1273489
1273497
1273502
1273504
1273544
1273545
1273548
1273585
1273629
1273685
1273690
1273800
1273805
1274007
1274055
1274071
1274147
1274168
1274184
1274244
1274249
1274264
1274287
1274292
1274314
1274339
1274346
1274354
1274360
1274394
1274396
1274408
1274411
1274416
1274420
1274455
1274505
1274539
1274574
1274618
1274659
1274720
1274785
1274787
1274874
1274967
1274974
1275154
1275170
1275185
1275217
1275322
1275358
1275377
1275406
1275446
1275450
1275453
1275539
1275581
1275640
1275729
1275818
1275821
1275825
1275827
1275838
1275856
1275926
1275966
1275983
1275999
1276183
1276185
1276203
1276245
1276278
1276322
1276428
1276447
1276486
1276526
1276527
1276568
1276628
1276667
1276867
1277034
1277097
1277101
1277172
1277284
1277387
1277499
1277548
1277599
1277622
1277635
1277638
1277760
1277820
1277832
1277879
1277893
1278015
1278069
1278244
1278274
1278662
1278783
1278838
1278852
1278880
1278896
1279045
1279060
1279062
1279126
1279264
1279397
1279425
1279475
1279499
1279525
1279566
1279582
1279602
1279603
1279626
1279632
1279701
1279717
1279740
1279767
1279787
1279865
1280022
1280072
1280189
1280231
1280393
1280462
1280495
1280543
1280623
1280659
1280703
1280869
1280941
1281063
1281104
1281106
1281139
1281192
1281195
1281294
1281383
1281456
1281562
1281696
1281755
1281775
1281785
1281829
1281891
1281958
1282046
1282161
1282180
1282232
1282324
1282371
1282404
1282454
1282455
1282475
1282481
1282482
1282672
1282698
1282726
1282746
1282765
1282769
1282773
1282794
1282811
1282828
1282835
1282858
1282872
1282887
1282891
1282894
1282899
1282900
1282936
1282939
1282956
1282968
1282979
1282985
1283024
1283028
1283100
1283125
1283193
1283325
1283350
1283398
1283405
1283473
1283545
1283681
1283731
1283733
1283735
1283742
1283750
1283771
1283804
1283863
1283898
1283936
1283962
1284011
1284040
1284116
1284135
1284212
1284224
1284368
1284413
1284425
1284435
1284456
1284466
1284487
1284504
1284606
1284650
1284676
1284729
1284730
1284803
1284829
1284854
1284855
1284856
1284859
1284917
1284975
1284977
1284999
1285165
1285204
1285218
1285226
1285304
1285317
1285381
1285417
1285438
1285442
1285492
1285703
1285802
1285960
1285971
1286011
1286021
1286043
1286055
1286057
1286063
1286089
1286154
1286162
1286199
1286226
1286262
1286269
1286321
1286325
1286377
1286384
1286400
1286417
1286448
1286478
1286480
1286687
1286698
1286746
1286801
1286813
1286932
1286964
1287007
1287011
1287091
1287132
1287142
1287195
1287253
1287282
1287321
1287358
1287372
1287381
1287395
1287460
1287543
1287597
1287604
1287606
1287629
1287666
1287704
1287724
1287821
1287966
1287970
1288008
1288133
1288162
1288271
1288335
1288337
1288391
1288648
1288652
1288672
1288881
1288929
1288938
1288953
1288966
1288986
1289085
1289255
1289271
1289370
1289410
1289452
1289479
1289528
1289557
1289573
1289578
1289598
1289628
1289677
1289711
1289777
1289795
1289839
1289865
1289945
1289954
1289960
1290044
1290048
1290201
1290397
1290410
1290411
1290422
1290435
1290483
1290568
1290613
1290662
1290700
1290757
1290864
1290900
1290905
1290914
1290957
1291169
1291243
1291505
1291525
1291557
1291579
1291601
1291610
1291654
1291660
1291720
1291873
1291974
1292022
1292031
1292033
1292159
1292160
1292188
1292197
1292259
1292266
1292289
1292390
1292413
1292415
1292427
1292481
1292622
1292704
1292836
1292967
1292973
1292977
1293006
1293035
1293088
1293119
1293166
1293176
1293183
1293243
1293502
1293630
1293684
1293763
1293772
1293783
1293785
1293902
1293919
1293920
1293924
1293967
1294003
1294210
1294283
1294337
1294387
1294526
1294547
1294580
1294640
1294675
1294676
1294695
1294734
1294829
1294831
1294834
1294835
1294836
1294971
1295177
1295256
1295270
1295304
1295310
1295339
1295422
1295433
1295461
1295474
1295544
1295563
1295581
1295587
1295630
1295635
1295702
1295782
1295787
1295819
1295834
1295848
1295851
1295947
1295970
1295972
1295973
1296002
1296042
1296104
1296178
1296182
1296185
1296230
1296250
1296315
1296394
1296418
1296605
1296606
1296629
1296652
1296664
1296696
1296769
1296825
1296828
1296890
1296931
1296976
1296980
1296989
1297037
1297067
1297146
1297148
1297163
1297212
1297243
1297270
1297383
1297390
1297496
1297547
1297549
1297620
1297640
1297706
1297763
1297777
1297787
1297800
1297827
1297828
1297856
1297882
1297939
1298044
1298100
1298113
1298137
1298196
1298232
1298287
1298305
1298334
1298350
1298360
1298445
1298519
1298522
1298528
1298553
1298557
1298561
1298646
1298735
1298757
1298765
1298841
1298857
1298960
1298989
1298999
1299087
1299141
1299379
1299404
1299483
1299507
1299574
1299607
1299641
1299674
1299726
1299827
1299994
1300006
1300012
1300038
1300087
1300130
1300160
1300185
1300216
1300229
1300234
1300245
1300288
1300315
1300319
1300384
1300410
1300439
1300445
1300483
1300591
1300637
1300688
1300710
1300719
1300783
1300794
1300904
1300957
1301067
1301098
1301122
1301134
1301185
1301206
1301224
1301262
1301295
1301318
1301426
1301436
1301467
1301531
1301533
1301534
1301614
1301669
1301702
1301738
1301854
1301856
1301858
1301931
1301944
1301948
1302105
1302166
1302188
1302192
1302216
1302218
1302374
1302378
1302379
1302434
1302449
1302490
1302494
1302499
1302650
1302703
1302711
1302771
1302888
1302945
1302964
1303080
1303081
1303095
1303364
1303390
1303398
1303465
1303488
1303611
1303618
1303629
1303647
1303664
1303665
1303670
1303724
1303754
1303770
1303800
1303803
1303863
1303877
1303882
1303896
1303902
1303974
1303977
1303981
1304000
1304019
1304107
1304139
1304145
1304156
1304202
1304338
1304346
1304351
1304352
1304373
1304378
1304399
1304418
1304489
1304525
1304554
1304560
1304587
1304604
1304649
1304674
1304681
1304688
1304694
1304728
1304732
1304735
1304745
1304760
1304785
1304787
1304797
1304893
1304895
1304947
1304961
1304965
1305067
1305125
1305136
1305149
1305202
1305214
1305224
1305311
1305363
1305393
1305504
1305506
1305526
1305544
1305595
1305615
1305653
1305672
1305743
1305777
1305888
1305949
1306009
1306027
1306041
1306052
1306060
1306081
1306111
1306117
1306169
1306199
1306207
1306293
1306359
1306442
1306461
1306478
1306495
1306512
1306605
1306676
1306680
1306701
1306754
1306862
1306889
1306891
1306935
1306936
1307063
1307075
1307094
1307105
1307189
1307192
1307240
1307271
1307310
1307375
1307451
1307533
1307541
1307613
1307622
1307660
1307661
1307703
1307706
1307747
1307844
1307849
1307874
1307931
1307959
1308142
1308190
1308199
1308230
1308245
1308274
1308291
1308296
1308337
1308360
1308463
1308520
1308529
1308530
1308536
1308571
1308598
1308621
1308625
1308713
1308725
1308794
1308851
1308874
1308890
1308902
1308942
1309066
1309073
1309112
1309148
1309375
1309386
1309413
1309452
1309457
1309475
1309493
1309604
1309613
1309632
1309645
1309646
1309667
1309678
1309694
1309830
1309927
1309938
1309975
1309980
1310012
1310018
1310056
1310080
1310113
1310164
1310177
1310195
1310256
1310274
1310275
1310281
1310314
1310319
1310331
1310352
1310361
1310366
1310371
1310504
1310542
1310551
1310588
1310597
1310642
1310666
1310672
1310856
1310996
1311023
1311102
1311106
1311138
1311173
1311183
1311228
1311244
1311251
1311272
1311334
1311336
1311344
1311397
1311474
1311493
1311571
1311593
1311594
1311668
1311716
1311734
1311761
1311767
1311799
1311861
1311911
1311940
1311971
1311980
1312236
1312271
1312311
1312448
1312524
1312575
1312585
1312599
1312602
1312605
1312606
1312657
1312687
1312722
1312785
1312952
1312960
1313007
1313017
1313131
1313157
1313180
1313246
1313530
1313589
1313611
1313693
1313712
1313804
1313870
1313872
1313889
1313939
1314113
1314124
1314185
1314258
1314270
1314289
1314325
1314391
1314403
1314428
1314468
1314481
1314497
1314544
1314607
1314653
1314655
1314725
1314757
1314813
1314818
1314859
1314903
1314904
1314934
1314959
1314961
1314968
1314993
1315012
1315102
1315195
1315213
1315227
1315232
1315236
1315241
1315260
1315331
1315342
1315396
1315449
1315469
1315517
1315524
1315558
1315646
1315657
1315669
1315697
1315744
1315793
1315832
1315898
1315977
1315996
1316000
1316011
1316120
1316222
1316264
1316274
1316370
1316383
1316391
1316403
1316408
1316432
1316443
1316447
1316454
1316476
1316539
1316559
1316562
1316618
1316661
1316663
1316665
1316726
1316757
1316887
1317095
1317206
1317265
1317506
1317522
1317534
1317693
1317700
1317728
1317731
1318155
1318278
1318281
1318282
1318304
1318405
1318416
1318452
1318536
1318560
1318685
1318787
1318813
1318843
1318979
1319019
1319087
1319103
1319136
1319213
1319318
1319320
1319357
1319385
1319408
1319415
1319419
1319533
1319537
1319777
1319928
1319959
1319992
1320017
1320132
1320156
1320298
1320373
1320407
1320575
1320758
1320779
1320812
1320823
1320891
1320908
1320926
1320932
1320946
1321045
1321150
1321295
1321552
1321594
1321632
1321638
1321773
1321957
1322034
1322123
1322217
1322223
1322246
1322259
1322303
1322317
1322334
1322749
1323125
1323141
1323277
1323303
1323321
1323340
1323394
1323410
1323468
1323471
1323491
1323494
1323533
1323567
1323611
1323643
1323688
1323954
1323986
1324107
1324109
1324113
1324126
1324172
1324240
1324241
1324324
1324345
1324419
1324439
1324444
1324447
1324558
1324629
1324650
1324719
1324821
1324862
1324875
1324911
1324995
1325072
1325089
1325145
1325161
1325294
1325322
1325366
1325400
1325466
1325481
1325488
1325532
1325648
1325684
1325701
1325706
1325742
1325765
1325833
1325842
1325948
1326266
1326268
1326287
1326338
1326355
1326443
1326481
1326511
1326518
1326522
1326523
1326540
1326601
1326608
1326618
1326755
1326773
1326830
1326855
1326857
1326884
1326949
1326954
1326967
1326975
1326980
1326988
1327080
1327085
1327240
1327342
1327424
1327614
1327766
1327767
1327768
1327835
1327931
1327937
1328022
1328046
1328067
1328075
1328102
1328144
1328156
1328190
1328255
1328284
1328339
1328393
1328479
1328502
1328517
1328574
1328599
1328607
1328622
1328659
1328742
1328749
1328821
1328885
1328917
1328946
1329069
1329177
1329185
1329191
1329197
1329336
1329355
1329359
1329363
1329399
1329462
1329464
1329490
1329532
1329585
1329627
1329705
1329712
1329759
1329793
1329850
1329892
1329912
1329933
1329964
1330018
1330027
1330054
1330117
1330159
1330170
1330180
1330317
1330352
1330376
1330434
1330439
1330440
1330539
1330664
1330666
1330675
1330679
1330706
1330779
1330800
1330874
1330947
1330971
1330982
1331010
1331025
1331179
1331195
1331196
1331207
1331209
1331260
1331312
1331334
1331385
1331388
1331495
1331531
1331565
1331569
1331619
1331636
1331651
1331655
1331875
1331954
1332048
1332058
1332108
1332148
1332174
1332183
1332224
1332231
1332243
1332251
1332349
1332355
1332405
1332484
1332545
1332557
1332584
1332624
1332640
1332665
1332747
1332805
1332900
1332942
1332974
1332990
1332992
1333007
1333026
1333045
1333158
1333197
1333242
1333246
1333359
1333459
1333485
1333520
1333571
1333581
1333607
1333608
1333645
1333650
1333706
1333732
1333767
1333772
1333819
1333848
1333862
1333873
1333939
1333946
1333974
1334142
1334266
1334343
1334394
1334407
1334433
1334441
1334478
1334515
1334532
1334594
1334614
1334654
1334687
1334731
1334791
1334912
1334928
1334940
1335116
1335160
1335170
1335177
1335303
1335311
1335468
1335556
1335586
1335618
1335636
1335714
1335766
1335837
1335858
1335859
1335903
1336029
1336084
1336092
1336139
1336169
1336205
1336392
1336405
1336463
1336465
1336469
1336479
1336699
1336841
1336845
1336861
1336967
1336994
1337012
1337094
1337125
1337144
1337154
1337157
1337191
1337226
1337234
1337281
1337430
1337454
1337463
1337579
1337582
1337595
1337604
1337608
1337612
1337733
1337805
1337833
1337835
1337844
1337847
1337868
1337883
1337911
1337937
1337974
1338057
1338083
1338088
1338105
1338243
1338324
1338393
1338425
1338484
1338506
1338572
1338808
1338821
1338836
1338873
1338917
1338990
1339016
1339027
1339028
1339070
1339089
1339104
1339137
1339151
1339175
1339198
1339203
1339244
1339331
1339461
1339470
1339492
1339550
1339553
1339573
1339755
1339804
1339845
1339863
1339869
1339900
1339903
1339915
1339922
1340098
1340126
1340211
1340215
1340228
1340334
1340417
1340421
1340510
1340564
1340676
1340726
1340963
1341046
1341052
1341125
1341206
1341429
1341560
1341564
1341616
1341643
1341654
1341691
1341736
1341767
1341897
1341912
1341947
1341958
1342075
1342087
1342216
1342262
1342276
1342279
1342284
1342317
1342420
1342425
1342526
1342564
1342599
1342646
1342729
1342793
1342852
1342865
1342867
1342933
1342999
1343061
1343145
1343160
1343183
1343185
1343216
1343217
1343363
1343412
1343419
1343451
1343478
1343485
1343574
1343614
1343638
1343683
1343706
1343808
1343935
1344027
1344034
1344036
1344043
1344044
1344046
1344050
1344052
1344055
1344070
1344154
1344184
1344253
1344272
1344281
1344286
1344345
1344393
1344401
1344410
1344548
1344631
1344642
1344643
1344834
1344837
1344878
1344890
1344891
1344895
1344907
1344942
1344955
1344982
1345005
1345125
1345185
1345231
1345250
1345290
1345301
1345362
1345443
1345473
1345503
1345556
1345580
1345824
1345886
1345937
1345985
1346004
1346032
1346062
1346078
1346080
1346084
1346249
1346291
1346321
1346373
1346379
1346586
1346597
1346617
1346708
1346781
1346809
1346819
1346827
1346885
1346983
1346996
1347024
1347025
1347171
1347248
1347261
1347288
1347313
1347314
1347475
1347479
1347547
1347607
1347638
1347732
1347735
1347794
1347837
1347844
1347863
1347929
1348030
1348063
1348109
1348128
1348166
1348190
1348191
1348385
1348472
1348477
1348524
1348529
1348567
1348570
1348612
1348677
1348685
1348729
1348754
1348777
1348792
1348795
1348895
1349050
1349151
1349169
1349201
1349325
1349349
1349357
1349393
1349412
1349422
1349438
1349464
1349478
1349490
1349540
1349739
1349743
1349790
1349808
1349811
1349823
1349861
1349974
1349986
1349993
1350068
1350164
1350178
1350282
1350388
1350463
1350608
1350620
1350653
1350677
1350678
1350764
1350820
1350921
1350971
1351030
1351032
1351048
1351054
1351069
1351110
1351139
1351168
1351185
1351204
1351277
1351336
1351435
1351576
1351681
1351714
1351728
1351782
1351819
1351827
1351847
1351859
1351916
1351938
1351968
1351986
1352003
1352068
1352115
1352160
1352335
1352341
1352369
1352454
1352741
1352743
1352753
1352905
1353031
1353063
1353110
1353164
1353203
1353388
1353557
1353559
1353581
1353768
1353786
1353788
1353857
1353896
1353925
1353978
1354017
1354023
1354033
1354036
1354066
1354183
1354191
1354242
1354249
1354371
1354394
1354421
1354661
1354750
1354802
1354832
1354885
1354953
1354959
1355026
1355070
1355136
1355287
1355301
1355346
1355399
1355408
1355526
1355529
1355541
1355557
1355580
1355584
1355674
1355679
1355686
1355794
1355803
1355829
1355870
1355967
1355974
1355979
1356084
1356093
1356251
1356293
1356420
1356488
1356573
1356723
1356775
1356830
1356863
1356947
1356950
1357062
1357078
1357087
1357151
1357186
1357206
1357255
1357374
1357488
1357588
1357610
1357665
1357666
1357760
1357761
1357878
1357896
1357997
1358025
1358216
1358220
1358221
1358233
1358389
1358450
1358528
1358618
1358637
1358697
1358720
1358849
1358881
1358960
1358997
1358999
1359060
1359148
1359192
1359259
1359318
1359363
1359417
1359425
1359442
1359486
1359496
1359533
1359668
1359695
1359707
1359788
1359820
1359948
1360003
1360020
1360022
1360030
1360064
1360075
1360325
1360329
1360360
1360367
1360457
1360472
1360513
1360518
1360525
1360528
1360530
1360549
1360556
1360568
1360569
1360581
1360666
1360692
1360703
1360709
1360714
1360723
1360727
1360729
1360743
1360758
1360774
1360801
1360833
1360861
1360862
1360900
1360902
1360904
1360922
1360947
1360958
1360975
1360983
1360985
1360988
1360990
1360994
1361004
1361112
1361128
1361134
1361188
1361240
1361255
1361356
1361397
1361440
1361571
1361638
1361648
1361652
1361685
1361901
1361928
1361975
1362045
1362072
1362145
1362224
1362278
1362352
1362388
1362396
1362423
1362569
1362602
1362831
1362867
1362955
1362956
1363025
1363151
1363195
1363225
1363309
1363378
1363421
1363437
1363463
1363489
1363551
1363625
1363629
1363638
1363642
1363651
1363681
1363771
1363778
1363798
1363801
1363894
1363926
1363954
1363955
1363957
1364021
1364057
1364072
1364087
1364118
1364139
1364164
1364223
1364235
1364240
1364263
1364267
1364358
1364455
1364523
1364694
1364750
1364785
1364787
1364788
1364789
1364791
1364792
1364793
1364794
1364795
1365021
1365037
1365043
1365048
1365094
1365175
1365178
1365221
1365236
1365244
1365258
1365382
1365405
1365416
1365450
1365454
1365461
1365502
1365524
1365565
1365687
1365694
1365804
1365842
1365853
1365937
1365945
1365990
1366013
1366045
1366308
1366354
1366390
1366427
1366501
1366530
1366557
1366608
1366639
1366643
1366685
1366815
1366864
1366883
1366928
1366960
1366992
1367019
1367042
1367078
1367113
1367168
1367170
1367179
1367197
1367245
1367262
1367268
1367438
1367449
1367473
1367492
1367607
1368032
1368076
1368080
1368100
1368156
1368166
1368189
1368197
1368374
1368497
1368504
1368522
1368540
1368667
1368713
1368737
1368882
1369168
1369252
1369296
1369363
1369401
1369423
1369493
1369517
1369526
1369629
1369668
1369677
1369766
1369854
1370062
1370079
1370178
1370220
1370445
1370453
1370525
1370526
1370533
1370565
1370695
1370706
1370771
1370777
1370801
1370821
1371031
1371050
1371094
1371145
1371226
1371338
1371401
1371402
1371502
1371529
1371623
1371754
1371820
1371832
1371842
1371862
1371866
1371907
1372063
1372074
1372083
1372125
1372221
1372245
1372260
1372285
1372307
1372344
1372411
1372416
1372428
1372548
1372555
1372600
1372725
1372729
1372732
1372738
1372773
1372803
1372831
1372874
1372911
1372928
1373015
1373018
1373035
1373046
1373092
1373115
1373204
1373310
1373343
1373436
1373438
1373478
1373524
1373555
1373558
1373560
1373671
1373897
1373965
1373999
1374000
1374028
1374108
1374197
1374318
1374325
1374505
1374519
1374524
1374591
1374620
1374667
1374708
1374743
1374840
1374852
1374856
1374892
1374970
1374972
1375018
1375113
1375125
1375165
1375177
1375226
1375251
1375297
1375314
1375379
1375383
1375398
1375440
1375478
1375481
1375482
1375548
1375649
1375703
1375857
1376016
1376029
1376107
1376243
1376251
1376343
1376373
1376375
1376393
1376420
1376452
1376475
1376495
1376503
1376570
1376733
1376790
1376793
1376800
1376804
1376868
1376936
1376949
1376985
1376999
1377007
1377122
1377140
1377157
1377216
1377331
1377410
1377433
1377440
1377503
1377511
1377555
1377579
1377634
1377736
1377741
1377747
1377749
1377780
1377796
1377831
1377838
1377885
1377886
1377889
1377917
1377926
1377944
1378076
1378097
1378255
1378337
1378347
1378398
1378399
1378410
1378416
1378432
1378460
1378637
1378643
1378681
1378737
1378758
1378806
1378859
1378942
1378978
1379067
1379083
1379090
1379119
1379294
1379317
1379422
1379505
1379598
1379619
1379737
1379883
1379901
1379918
1380000
1380031
1380033
1380073
1380223
1380589
1380656
1380724
1380923
1380954
1381009
1381027
1381097
1381105
1381110
1381114
1381124
1381126
1381280
1381293
1381340
1381355
1381383
1381464
1381508
1381616
1381792
1381864
1381868
1381886
1382284
1382303
1382304
1382444
1382605
1382620
1382664
1382668
1382711
1382850
1382868
1382883
1382901
1382927
1382929
1383059
1383147
1383202
1383207
1383546
1383642
1383659
1383663
1383896
1383949
1383980
1384001
1384150
1384321
1384426
1384450
1384479
1384587
1384730
1384735
1384741
1384865
1384917
1385116
1385374
1385399
1385488
1385509
1385530
1385546
1385578
1385650
1385698
1385710
1385746
1385935
1386039
1386040
1386196
1386258
1386360
1386426
1386453
1386476
1386751
1386866
1387002
1387015
1387052
1387206
1387454
1387579
1387717
1387718
1387740
1387741
1388035
1388091
1388153
1388157
1388277
1388354
1388385
1388417
1388500
1388557
1388647
1388688
1388764
1388767
1388783
1388810
1388902
1389023
1389053
1389113
1389119
1389127
1389148
1389167
1389176
1389178
1389181
1389190
1389326
1389363
1389450
1389638
1389647
1389652
1389920
1389972
1389974
1389987
1390036
1390116
1390149
1390169
1390226
1390282
1390284
1390292
1390323
1390545
1390558
1390672
1390737
1390741
1390775
1390788
1390826
1390842
1390901
1390966
1391011
1391042
1391068
1391125
1391126
1391180
1391184
1391381
1391419
1391426
1391477
1391598
1391650
1391661
1391805
1391902
1391948
1391970
1392058
1392129
1392141
1392184
1392237
1392322
1392455
1392509
1392533
1392543
1392610
1392647
1392651
1392672
1392678
1392728
1392832
1392856
1392985
1393018
1393043
1393156
1393195
1393217
1393222
1393253
1393303
1393318
1393392
1393705
1393714
1393748
1393752
1393777
1393815
1393850
1394045
1394062
1394068
1394100
1394196
1394286
1394397
1394442
1394529
1394549
1394583
1394637
1394727
1394769
1394776
1394799
1394807
1394832
1394872
1394910
1394925
1394988
1394994
1395045
1395239
1395256
1395257
1395267
1395276
1395301
1395319
1395367
1395401
1395404
1395430
1395451
1395497
1395559
1395570
1395740
1395780
1395888
1395902
1395963
1396000
1396136
1396170
1396197
1396246
1396338
1396352
1396367
1396529
1396624
1396633
1396639
1396672
1396678
1396694
1396717
1396770
1396941
1397008
1397061
1397134
1397143
1397274
1397340
1397358
1397479
1397489
1397519
1397660
1397664
1397686
1397702
1397739
1397759
1397761
1397795
1397830
1397836
1397904
1398020
1398085
1398108
1398143
1398242
1398299
1398361
1398516
1398517
1398550
1398604
1398648
1398716
1398725
1398747
1398792
1398815
1398888
1398907
1398956
1398966
1398978
1398982
1399054
1399056
1399064
1399079
1399094
1399218
1399248
1399345
1399360
1399372
1399388
1399400
1399404
1399494
1399530
1399577
1399581
1399612
1399631
1399637
1399793
1399802
1399804
1399819
1399883
1399901
1399937
1399982
1400001
1400317
1400330
1400379
1400457
1400606
1400607
1400616
1400627
1400634
1400651
1400674
1400678
1400682
1400699
1400803
1400814
1400831
1400869
1400871
1401036
1401055
1401066
1401106
1401159
1401193
1401231
1401264
1401285
1401337
1401347
1401356
1401485
1401636
1401890
1401917
1401955
1402070
1402159
1402184
1402283
1402295
1402369
1402371
1402464
1402574
1402576
1402612
1402668
1402749
1402775
1402778
1402812
1402855
1402888
1402952
1402957
1403005
1403015
1403063
1403072
1403082
1403094
1403119
1403153
1403163
1403187
1403256
1403291
1403315
1403420
1403430
1403457
1403676
1403720
1403731
1403734
1403925
1403948
1403995
1404053
1404087
1404114
1404223
1404231
1404310
1404347
1404360
1404389
1404393
1404507
1404683
1404895
1404919
1404932
1404949
1405142
1405191
1405204
1405210
1405219
1405288
1405313
1405361
1405395
1405401
1405432
1405457
1405577
1405579
1405639
1405662
1405692
1405744
1405748
1405787
1405801
1405845
1405890
1405983
1405992
1406078
1406079
1406093
1406116
1406223
1406378
1406430
1406431
1406489
1406494
1406502
1406505
1406680
1406785
1406843
1406950
1407101
1407114
1407196
1407234
1407272
1407283
1407296
1407300
1407306
1407307
1407318
1407322
1407343
1407351
1407395
1407421
1407495
1407505
1407507
1407538
1407539
1407579
1407599
1407629
1407670
1407697
1407710
1407739
1407855
1407871
1407881
1408057
1408112
1408114
1408124
1408189
1408201
1408221
1408248
1408304
1408327
1408364
1408369
1408390
1408475
1408504
1408562
1408609
1408623
1408663
1408708
1408726
1408727
1408779
1408853
1408876
1408911
1408960
1408965
1409003
1409028
1409043
1409061
1409158
1409303
1409357
1409369
1409375
1409384
1409399
1409416
1409417
1409422
1409449
1409451
1409483
1409508
1409520
1409565
1409579
1409590
1409594
1409598
1409600
1409655
1409678
1409727
1409744
1409975
1409981
1410011
1410014
1410027
1410105
1410130
1410253
1410343
1410456
1410527
1410656
1410677
1410698
1410778
1410824
1410900
1410928
1411020
1411171
1411312
1411330
1411383
1411393
1411409
1411499
1411569
1411639
1411647
1411727
1411792
1411794
1411952
1411957
1411987
1412045
1412049
1412051
1412068
1412103
1412146
1412189
1412190
1412223
1412268
1412292
1412317
1412433
1412471
1412494
1412506
1412601
1412623
1412632
1412674
1412749
1412802
1412874
1412910
1412921
1413136
1413160
1413163
1413246
1413303
1413319
1413437
1413515
1413537
1413544
1413616
1413622
1413663
1413667
1413673
1413674
1413715
1413740
1413766
1413828
1413899
1413945
1413967
1414004
1414030
1414044
1414185
1414208
1414212
1414223
1414245
1414282
1414299
1414311
1414453
1414457
1414470
1414483
1414492
1414578
1414657
1414714
1414764
1414788
1414848
1414955
1414986
1414993
1414996
1415078
1415111
1415261
1415342
1415391
1415397
1415429
1415452
1415470
1415471
1415483
1415654
1415663
1415708
1415710
1415718
1415729
1415780
1415904
1415951
1416002
1416026
1416085
1416132
1416163
1416165
1416217
1416220
1416250
1416268
1416273
1416290
1416316
1416356
1416451
1416473
1416481
1416485
1416490
1416525
1416526
1416530
1416532
1416535
1416549
1416580
1416676
1416725
1416750
1416756
1416770
1416785
1416848
1416866
1416916
1416993
1417023
1417055
1417067
1417185
1417199
1417200
1417264
1417283
1417295
1417299
1417300
1417304
1417323
1417357
1417358
1417395
1417408
1417459
1417498
1417550
1417646
1417678
1417692
1417706
1417724
1417730
1417747
1417876
1417884
1417898
1418034
1418047
1418142
1418233
1418289
1418321
1418371
1418379
1418386
1418395
1418397
1418413
1418642
1418693
1418732
1418740
1418850
1418941
1419014
1419110
1419122
1419144
1419178
1419254
1419270
1419375
1419433
1419477
1419767
1419798
1419856
1420051
1420054
1420091
1420121
1420127
1420151
1420154
1420184
1420232
1420255
1420351
1420367
1420509
1420626
1420697
1420710
1420713
1421000
1421045
1421135
1421159
1421210
1421306
1421325
1421378
1421386
1421488
1421499
1421643
1421657
1421685
1421687
1421691
1421724
1421727
1421737
1421760
1421784
1421810
1421866
1421918
1421940
1421954
1421968
1422066
1422080
1422089
1422207
1422270
1422307
1422330
1422333
1422415
1422455
1422513
1422515
1422520
1422521
1422562
1422567
1422713
1422746
1422854
1422913
1422916
1422929
1423011
1423041
1423044
1423046
1423049
1423109
1423168
1423182
1423187
1423194
1423227
1423235
1423286
1423306
1423371
1423418
1423594
1423613
1423738
1423740
1423752
1423818
1423892
1423995
1423996
1424047
1424057
1424062
1424101
1424140
1424250
1424318
1424459
1424525
1424585
1424656
1424696
1424716
1424788
1425017
1425072
1425193
1425462
1425485
1425557
1425620
1425656
1425684
1425694
1425855
1425867
1425907
1425915
1426022
1426153
1426325
1426331
1426565
1426886
1426895
1426908
1426928
1427005
1427020
1427133
1427154
1427223
1427233
1427252
1427325
1427424
1427585
1427597
1427600
1427674
1427705
1427721
1427837
1427839
1427974
1428043
1428180
1428216
1428358
1428372
1428505
1428571
1428717
1428808
1428875
1428921
1429046
1429152
1429265
1429284
1429324
1429611
1429630
1429692
1429735
1429748
1429791
1429826
1430006
1430090
1430145
1430157
1430254
1430282
1430341
1430343
1430347
1430397
1430398
1430399
1430400
1430401
1430402
1430403
1430404
1430405
1430406
1430435
1430436
1430437
1430438
1430439
1430577
1430687
1430725
1430785
1430842
1430869
1430896
1431040
1431056
1431211
1431217
1431265
1431290
1431305
1431412
1431418
1431495
1431507
1431755
1431758
1431865
1431866
1431927
1431949
1431950
1431951
1431969
1432013
1432120
1432147
1432240
1432241
1432337
1432363
1432364
1432399
1432545
1432653
1432744
1432797
1432802
1432844
1433026
1433120
1433122
1433323
1433683
1433728
1433747
1433753
1433777
1433804
1433828
1433943
1433985
1433994
1434028
1434193
1434203
1434226
1434232
1434355
1434372
1434518
1434752
1434812
1435098
1435108
1435123
1435142
1435277
1435522
1435523
1435582
1435611
1435616
1435678
1435779
1435971
1436033
1436060
1436135
1436143
1436172
1436349
1436384
1436474
1436487
1436532
1436557
1436595
1436616
1436651
1436724
1436766
1436777
1436785
1436789
1436817
1436879
1436886
1436964
1436975
1436976
1437171
1437227
1437266
1437278
1437309
1437426
1437427
1437560
1437622
1437689
1437768
1437942
1437963
1437964
1437982
1438004
1438069
1438194
1438218
1438227
1438278
1438287
1438324
1438370
1438383
1438407
1438494
1438527
1438592
1438631
1438647
1438741
1438801
1438810
1438818
1438860
1438861
1438862
1438901
1438940
1438973
1439062
1439287
1439294
1439357
1439366
1439383
1439423
1439460
1439572
1439615
1439626
1439662
1439663
1439664
1439665
1439701
1439717
1440288
1440508
1440571
1440576
1440582
1440735
1440767
1440785
1440821
1440848
1440882
1440885
1440888
1440909
1441008
1441066
1441189
1441245
1441246
1441248
1441270
1441332
1441341
1441356
1441387
1441442
1441465
1441493
1441555
1441556
1441560
1441662
1441709
1441740
1441799
1441886
1441958
1441992
1442022
1442063
1442125
1442150
1442157
1442231
1442287
1442354
1442412
1442473
1442487
1442553
1442606
1442611
1442665
1442672
1442760
1442787
1442796
1442802
1442851
1442964
1443010
1443041
1443092
1443101
1443259
1443317
1443337
1443384
1443530
1443533
1443586
1443625
1443645
1443718
1443742
1443793
1443952
1444008
1444074
1444119
1444145
1444362
1444364
1444408
1444419
1444433
1444500
1444501
1444502
1444505
1444544
1444578
1444601
1444667
1444827
1444829
1444870
1444871
1444935
1444970
1445013
1445017
1445028
1445053
1445215
1445242
1445255
1445284
1445611
1445888
1446186
1446227
1446259
1446333
1446338
1446347
1446348
1446431
1446436
1446508
1446511
1446594
1446605
1446655
1446687
1446740
1446741
1446747
1446809
1446819
1446924
1446928
1447186
1447218
1447286
1447390
1447498
1447536
1447570
1447656
1447703
1447805
1447890
1448029
1448054
1448124
1448285
1448287
1448300
1448375
1448402
1448530
1448784
1448800
1448818
1448829
1448911
1448949
1448956
1449139
1449164
1449211
1449238
1449266
1449309
1449313
1449409
1449426
1449435
1449465
1449482
1449498
1449545
1449559
1449662
1449690
1449692
1449731
1449762
1449772
1449949
1450022
1450123
1450169
1450359
1450366
1450373
1450427
1450463
1450504
1450536
1450545
1450578
1450609
1450742
1450791
1450846
1450993
1451036
1451077
1451131
1451230
1451313
1451343
1451426
1451445
1451548
1451559
1451689
1451777
1451811
1451944
1452023
1452126
1452257
1452258
1452259
1452260
1452420
1452564
1452795
1452817
1452878
1452974
1452980
1453015
1453063
1453243
1453358
1453363
1453388
1453475
1453502
1453621
1453697
1453841
1453842
1453879
1453903
1453928
1454003
1454029
1454056
1454080
1454125
1454211
1454335
1454399
1454436
1454529
1454636
1454660
1454677
1454679
1454681
1454684
1454688
1454693
1454708
1454718
1454732
1454733
1454774
1454803
1454819
1454821
1454893
1455031
1455165
1455177
1455232
1455307
1455310
1455379
1455409
1455416
1455423
1455426
1455434
1455445
1455449
1455456
1455489
1455491
1455494
1455497
1455526
1455705
1455732
1455820
1455838
1455848
1455946
1455955
1456075
1456114
1456191
1456377
1456442
1456533
1456748
1456757
1456795
1456824
1457302
1457360
1457401
1457410
1457417
1457472
1457501
1457581
1457663
1457698
1457777
1457900
1457966
1458004
1458166
1458383
1458428
1458457
1458480
1458562
1458616
1458682
1458709
1459012
1459024
1459040
1459099
1459166
1459168
1459243
1459386
1459493
1459501
1459661
1459907
1459980
1459986
1460054
1460072
1460144
1460180
1460257
1460413
1460428
1460429
1460536
1460637
1460684
1460685
1460697
1460934
1461047
1461093
1461129
1461148
1461154
1461191
1461321
1461404
1461450
1461475
1461514
1461635
1461649
1461660
1461762
1461864
1461937
1461971
1462035
1462067
1462088
1462091
1462163
1462275
1462279
1462286
1462313
1462354
1462371
1462386
1462409
1462459
1462464
1462485
1462650
1462809
1462954
1462965
1463181
1463248
1463254
1463282
1463300
1463431
1463449
1463537
1463603
1463773
1463777
1463780
1463804
1463832
1463946
1463969
1463978
1463980
1464158
1464161
1464179
1464229
1464247
1464322
1464360
1464435
1464476
1464537
1464583
1464816
1465129
1465185
1465216
1465226
1465282
1465304
1465316
1465317
1465375
1465381
1465427
1465482
1465637
1465643
1465650
1465660
1465679
1465821
1465836
1465850
1465851
1465861
1465865
1465943
1465953
1465996
1466046
1466284
1466314
1466344
1466435
1466466
1466525
1466559
1466715
1466719
1466773
1466856
1466912
1466998
1467039
1467055
1467067
1467099
1467319
1467341
1467440
1467572
1467587
1467680
1467724
1467810
1467820
1467884
1467911
1467946
1467995
1468014
1468065
1468137
1468140
1468346
1468440
1468504
1468515
1468545
1468592
1468599
1468674
1468698
1468748
1468895
1468900
1469049
1469064
1469206
1469263
1469267
1469312
1469334
1469335
1469544
1469607
1469705
1469909
1469971
1469984
1469985
1469993
1470013
1470024
1470040
1470063
1470105
1470134
1470153
1470311
1470392
1470406
1470428
1470469
1470529
1470592
1470625
1470701
1470838
1470854
1470944
1470979
1470992
1471222
1471242
1471251
1471262
1471264
1471303
1471433
1471475
1471855
1471870
1471875
1471994
1472040
1472129
1472160
1472200
1472232
1472391
1472410
1472463
1472522
1472537
1472621
1472632
1472769
1472803
1472818
1472852
1472869
1473090
1473113
1473134
1473170
1473178
1473211
1473238
1473322
1473332
1473441
1473539
1473579
1473634
1473640
1473692
1473778
1473851
1473883
1474017
1474077
1474099
1474110
1474300
1474310
1474349
1474353
1474432
1474466
1474533
1474547
1474608
1474675
1474971
1474997
1475011
1475053
1475069
1475118
1475300
1475325
1475326
1475395
1475417
1475444
1475552
1475594
1475626
1475807
1475815
1475914
1475961
1475963
1475985
1476043
1476046
1476069
1476113
1476117
1476138
1476243
1476255
1476286
1476325
1476389
1476394
1476401
1476412
1476422
1476452
1476512
1476524
1476527
1476597
1476764
1476786
1476861
1476880
1477025
1477078
1477126
1477239
1477399
1477417
1477447
1477481
1477492
1477507
1477531
1477710
1477765
1477806
1477836
1477904
1477907
1477908
1477917
1478020
1478027
1478211
1478296
1478343
1478578
1478604
1478606
1478895
1478945
1479150
1479179
1479216
1479366
1479416
1479431
1479454
1479473
1479488
1479601
1479672
1479828
1479829
1480002
1480048
1480050
1480051
1480061
1480082
1480109
1480226
1480262
1480295
1480333
1480363
1480429
1480432
1480433
1480580
1480600
1480680
1480683
1480764
1480791
1480800
1480825
1480830
1480895
1480948
1480993
1481048
1481056
1481244
1481261
1481272
1481307
1481320
1481464
1481473
1481482
1481488
1481562
1481592
1481721
1481751
1481771
1481798
1481852
1481938
1481946
1482049
1482086
1482149
1482268
1482274
1482331
1482361
1482363
1482414
1482478
1482495
1482615
1482619
1482676
1482750
1482777
1482940
1483010
1483273
1483275
1483338
1483383
1483437
1483549
1483568
1483598
1483604
1483804
1483989
1484008
1484050
1484222
1484280
1484290
1484293
1484302
1484316
1484332
1484354
1484412
1484438
1484500
1484640
1484869
1484951
1485153
1485263
1485324
1485370
1485415
1485534
1485547
1485557
1485898
1485922
1485964
1485979
1485984
1485990
1486096
1486229
1486247
1486265
1486456
1486462
1486471
1486553
1486566
1486584
1486627
1486650
1486741
1486745
1486782
1486797
1486882
1486940
1486961
1486965
1486999
1487026
1487081
1487115
1487116
1487144
1487152
1487154
1487276
1487306
1487315
1487354
1487383
1487475
1487476
1487529
1487588
1487899
1488027
1488109
1488139
1488305
1488341
1488393
1488588
1488650
1488652
1488664
1488683
1488705
1488743
1488836
1488992
1489024
1489074
1489089
1489166
1489304
1489328
1489332
1489402
1489410
1489411
1489512
1489544
1489698
1489710
1489868
1489983
1489998
1490011
1490022
1490154
1490249
1490290
1490344
1490387
1490400
1490439
1490564
1490565
1490592
1490628
1490635
1490711
1490769
1490790
1490803
1490804
1490858
1490905
1490960
1491019
1491241
1491243
1491244
1491274
1491304
1491313
1491367
1491678
1492038
1492152
1492246
1492280
1492396
1492451
1492532
1492599
1492669
1492724
1492823
1492863
1492897
1492909
1492917
1493049
1493071
1493171
1493221
1493288
1493361
1493452
1493614
1493812
1493823
1493826
1493830
1493831
1493834
1493835
1493842
1493843
1493849
1493859
1493860
1493984
1494078
1494102
1494106
1494182
1494184
1494218
1494249
1494393
1494471
1494497
1494508
1494625
1494626
1494650
1494726
1494891
1494915
1494928
1494931
1494934
1495071
1495110
1495184
1495287
1495333
1495366
1495385
1495419
1495501
1495651
1495675
1495719
1495727
1495799
1495808
1495819
1495868
1495918
1495941
1495971
1495984
1496103
1496164
1496255
1496256
1496291
1496299
1496341
1496362
1496379
1496466
1496521
1496536
1496540
1496541
1496621
1496630
1496669
1496678
1496706
1496707
1496777
1496811
1496825
1496890
1496953
1497006
1497035
1497072
1497077
1497102
1497130
1497150
1497194
1497565
1497579
1497759
1497762
1497854
1497864
1497877
1498144
1498177
1498210
1498331
1498337
1498348
1498349
1498444
1498624
1498631
1498668
1498818
1498836
1498927
1498989
1499046
1499189
1499220
1499344
1499416
1499422
1499428
1499449
1499450
1499518
1499580
1499697
1499741
1499760
1499865
1499887
1499922
1500004
1500112
1500363
1500451
1500496
1500629
1500796
1500820
1500888
1500990
1501106
1501156
1501332
1501342
1501361
1501380
1501466
1501468
1501473
1501499
1501509
1501519
1501562
1501591
1501592
1501607
1501616
1501622
1501625
1501627
1501635
1501683
1501753
1501782
1501926
1501967
1501982
1502002
1502018
1502055
1502114
1502126
1502201
1502204
1502238
1502323
1502340
1502355
1502405
1502409
1502443
1502521
1502538
1502748
1502751
1502837
1502862
1502868
1502908
1503034
1503196
1503249
1503266
1503280
1503290
1503370
1503385
1503433
1503524
1503542
1503572
1503581
1503646
1503682
1503740
1503765
1503781
1503833
1503879
1503887
1503920
1504149
1504180
1504194
1504196
1504223
1504224
1504228
1504241
1504338
1504384
1504434
1504472
1504650
1504678
1504719
1504752
1504776
1504944
1504985
1504998
1505021
1505045
1505078
1505139
1505165
1505186
1505287
1505409
1505634
1505718
1505721
1505762
1505773
1505807
1505827
1505833
1505976
1506064
1506074
1506104
1506158
1506257
1506334
1506435
1506441
1506442
1506463
1506524
1506535
1506680
1506704
1506740
1506864
1506946
1506971
1507035
1507048
1507090
1507106
1507133
1507168
1507255
1507464
1507485
1507510
1507517
1507539
1507543
1507567
1507595
1507613
1507693
1507714
1507937
1507958
1507979
1507989
1507992
1507996
1508040
1508071
1508098
1508128
1508248
1508303
1508323
1508337
1508381
1508385
1508392
1508423
1508433
1508449
1508498
1508533
1508646
1508674
1508690
1508721
1508820
1508859
1508881
1509019
1509064
1509145
1509313
1509314
1509326
1509334
1509339
1509365
1509432
1509518
1509552
1509577
1509701
1509752
1509809
1509880
1509913
1509914
1509977
1510028
1510042
1510155
1510157
1510243
1510250
1510261
1510300
1510309
1510344
1510366
1510461
1510542
1510547
1510694
1510863
1510937
1510990
1511030
1511036
1511082
1511138
1511180
1511225
1511226
1511234
1511338
1511357
1511381
1511456
1511486
1511654
1511753
1511796
1511818
1511914
1512072
1512106
1512107
1512153
1512206
1512275
1512364
1512446
1512474
1512512
1512530
1512576
1512622
1512639
1512698
1512711
1512742
1512795
1512928
1512962
1512964
1512972
1513048
1513068
1513111
1513164
1513190
1513384
1513479
1513512
1513583
1513699
1513748
1513766
1513886
1513978
1513987
1513994
1514001
1514021
1514066
1514155
1514161
1514259
1514276
1514307
1514352
1514368
1514373
1514403
1514489
1514530
1514587
1514606
1514664
1514905
1514914
1514922
1514931
1515025
1515089
1515208
1515267
1515292
1515313
1515343
1515353
1515354
1515355
1515360
1515376
1515455
1515531
1515532
1515557
1515580
1515673
1515682
1515725
1515736
1515801
1515816
1515862
1515906
1516037
1516099
1516216
1516247
1516320
1516342
1516357
1516374
1516433
1516507
1516675
1516681
1516725
1516759
1516803
1516806
1516808
1516809
1516826
1516842
1516854
1516904
1516967
1517031
1517075
1517088
1517098
1517163
1517169
1517199
1517206
1517207
1517213
1517214
1517241
1517252
1517286
1517294
1517298
1517307
1517327
1517335
1517342
1517356
1517379
1517383
1517430
1517473
1517487
1517614
1517665
1517695
1517755
1517774
1517824
1517880
1517882
1517890
1517908
1517918
1517919
1517921
1517923
1517929
1517943
1517970
1518038
1518057
1518070
1518119
1518147
1518184
1518335
1518337
1518393
1518403
1518440
1518443
1518463
1518514
1518522
1518532
1518562
1518590
1518639
1518705
1518743
1518747
1518889
1518891
1518961
1518969
1518986
1518994
1519012
1519014
1519073
1519145
1519149
1519150
1519164
1519201
1519236
1519245
1519364
1519443
1519450
1519488
1519491
1519546
1519668
1519673
1519679
1519696
1519706
1519724
1519794
1519882
1519901
1519921
1519980
1520024
1520072
1520155
1520159
1520199
1520201
1520264
1520266
1520292
1520426
1520470
1520493
1520497
1520520
1520668
1520784
1520939
1520970
1521051
1521058
1521100
1521111
1521113
1521173
1521188
1521253
1521272
1521274
1521293
1521295
1521410
1521421
1521760
1521765
1521853
1521864
1522099
1522138
1522191
1522302
1522396
1522422
1522423
1522424
1522425
1522426
1522427
1522428
1522429
1522431
1522433
1522434
1522435
1522436
1522437
1522495
1522531
1522559
1522571
1522623
1522786
1522842
1522866
1522901
1522970
1523059
1523114
1523200
1523242
1523249
1523272
1523370
1523417
1523542
1523546
1523623
1523661
1523715
1523783
1523791
1523796
1523846
1523854
1523870
1523901
1523953
1524042
1524146
1524148
1524157
1524198
1524212
1524226
1524291
1524342
1524525
1524561
1524589
1524641
1524684
1524695
1524770
1524798
1524816
1524836
1524884
1524910
1524930
1524939
1525065
1525077
1525104
1525127
1525158
1525283
1525298
1525386
1525391
1525485
1525694
1525770
1525835
1525864
1525867
1525916
1526072
1526117
1526138
1526238
1526313
1526329
1526370
1526403
1526466
1526619
1526675
1526702
1526712
1526766
1526777
1526792
1526842
1526907
1526983
1527004
1527009
1527083
1527110
1527180
1527213
1527315
1527339
1527470
1527532
1527571
1527585
1527594
1527610
1527735
1527762
1527789
1527868
1528027
1528048
1528088
1528099
1528104
1528138
1528153
1528182
1528235
1528387
1528435
1528467
1528499
1528514
1528516
1528581
1528603
1528605
1528609
1528757
1528762
1528787
1528799
1528801
1528823
1528850
1528906
1528922
1528976
1529282
1529331
1529357
1529376
1529489
1529490
1529520
1529546
1529649
1529662
1529761
1529768
1529891
1529918
1529938
1529939
1530016
1530023
1530029
1530030
1530094
1530143
1530269
1530280
1530290
1530334
1530338
1530376
1530580
1530704
1530742
1530755
1530756
1530757
1531127
1531129
1531240
1531435
1531450
1531475
1531500
1531509
1531530
1531574
1531627
1531640
1531642
1531644
1531646
1531674
1531725
1531768
1531790
1531843
1531989
1532046
1532084
1532106
1532111
1532134
1532153
1532241
1532320
1532994
1533129
1533136
1533192
1533255
1533298
1533310
1533342
1533703
1533740
1533860
1533907
1533949
1533956
1533964
1533981
1533986
1533999
1534064
1534154
1534156
1534165
1534166
1534170
1534172
1534173
1534176
1534177
1534180
1534182
1534184
1534186
1534188
1534189
1534217
1534332
1534338
1534368
1534379
1534447
1534488
1534509
1534554
1534612
1534636
1534638
1534643
1534651
1534748
1534776
1534780
1534781
1535073
1535105
1535126
1535150
1535158
1535239
1535363
1535473
1535547
1535609
1535625
1535728
1535831
1535874
1535934
1535960
1536167
1536358
1536408
1536477
1536558
1536560
1536562
1536709
1536735
1536757
1536762
1536771
1536815
1536954
1536970
1537012
1537059
1537094
1537236
1537281
1537454
1537502
1537537
1537677
1537678
1537818
1537971
1537976
1538044
1538069
1538130
1538141
1538164
1538180
1538236
1538268
1538347
1538372
1538386
1538434
1538437
1538460
1538498
1538575
1538598
1538637
1538645
1538653
1538668
1538693
1538702
1538917
1538933
1539072
1539140
1539215
1539243
1539292
1539344
1539354
1539410
1539429
1539462
1539510
1539511
1539564
1539594
1539779
1539868
1539925
1539955
1539968
1540012
1540086
1540119
1540169
1540275
1540283
1540318
1540354
1540438
1540607
1540660
1540827
1540872
1540882
1540965
1540996
1541010
1541038
1541113
1541147
1541163
1541179
1541200
1541214
1541224
1541232
1541236
1541307
1541314
1541346
1541351
1541391
1541511
1541585
1541610
1541639
1541707
1541723
1541917
1541951
1541967
1542008
1542084
1542095
1542159
1542165
1542357
1542364
1542386
1542497
1542509
1542588
1542628
1542632
1542635
1542637
1542647
1542727
1542780
1542842
1542847
1542946
1542964
1542982
1542986
1543115
1543145
1543160
1543181
1543233
1543239
1543348
1543378
1543383
1543403
1543428
1543429
1543476
1543525
1543556
1543672
1543688
1543700
1543750
1543846
1543862
1544009
1544030
1544105
1544118
1544154
1544183
1544205
1544228
1544250
1544291
1544326
1544332
1544348
1544361
1544362
1544369
1544463
1544521
1544544
1544562
1544616
1544623
1544671
1544715
1544878
1544932
1544958
1545132
1545165
1545198
1545207
1545257
1545293
1545427
1545454
1545550
1545634
1545648
1545668
1545679
1545682
1545695
1545739
1545873
1545907
1545909
1545911
1545960
1546150
1546220
1546325
1546378
1546394
1546397
1546422
1546458
1546504
1546528
1546545
1546620
1546867
1546893
1546903
1547148
1547247
1547267
1547289
1547310
1547319
1547397
1547468
1547498
1547531
1547552
1547779
1547807
1547874
1548074
1548095
1548127
1548175
1548190
1548242
1548245
1548253
1548273
1548378
1548459
1548490
1548511
1548540
1548584
1548607
1548706
1548725
1548765
1548849
1549014
1549046
1549067
1549128
1549130
1549141
1549193
1549288
1549362
1549439
1549519
1549524
1549560
1549614
1549719
1549727
1549788
1549836
1549862
1549964
1549989
1550022
1550027
1550070
1550109
1550110
1550148
1550210
1550221
1550253
1550331
1550403
1550433
1550443
1550446
1550516
1550554
1550558
1550560
1550563
1550564
1550571
1550584
1550596
1550676
1550688
1550761
1550788
1550795
1550915
1550947
1551015
1551059
1551066
1551078
1551120
1551422
1551458
1551580
1551585
1551599
1551750
1551884
1551896
1551956
1551971
1551975
1551983
1552054
1552157
1552235
1552272
1552366
1552428
1552436
1552437
1552461
1552551
1552601
1552603
1552614
1552618
1552685
1552708
1552727
1552728
1552730
1552772
1552978
1553021
1553079
1553087
1553119
1553231
1553261
1553289
1553305
1553335
1553354
1553396
1553435
1553437
1553486
1553577
1553591
1553617
1553813
1553848
1553881
1553910
1553934
1553968
1553983
1554000
1554070
1554130
1554408
1554442
1554443
1554495
1554502
1554521
1554528
1554559
1554706
1554723
1554782
1554815
1554868
1554898
1554939
1555057
1555082
1555084
1555109
1555131
1555145
1555173
1555197
1555333
1555335
1555407
1555417
1555428
1555449
1555464
1555479
1555508
1555536
1555541
1555548
1555551
1555600
1555698
1555721
1555774
1555862
1555863
1555880
1555891
1555900
1555920
1555924
1555929
1555934
1555942
1556001
1556080
1556173
1556190
1556205
1556214
1556337
1556471
1556482
1556490
1556495
1556562
1556588
1556599
1556604
1556668
1556670
1556674
1556688
1556698
1556702
1556708
1556730
1556740
1556859
1556872
1556885
1556909
1557002
1557003
1557005
1557007
1557039
1557174
1557188
1557205
1557217
1557224
1557254
1557269
1557284
1557350
1557372
1557373
1557427
1557498
1557520
1557524
1557557
1557568
1557652
1557663
1557697
1557701
1557735
1557744
1557752
1557793
1557845
1557847
1557855
1557986
1558007
1558037
1558050
1558094
1558152
1558209
1558229
1558275
1558305
1558329
1558336
1558400
1558466
1558487
1558513
1558547
1558580
1558591
1558600
1558623
1558668
1558709
1558716
1558722
1558752
1558828
1558833
1558864
1558880
1558912
1558920
1559049
1559075
1559096
1559100
1559154
1559162
1559184
1559189
1559200
1559221
1559376
1559392
1559396
1559444
1559477
1559481
1559491
1559503
1559535
1559541
1559603
1559706
1559727
1559731
1559774
1559824
1560053
1560056
1560073
1560089
1560092
1560121
1560126
1560128
1560140
1560152
1560194
1560283
1560298
1560310
1560369
1560378
1560381
1560404
1560474
1560492
1560628
1560704
1560723
1560743
1560751
1560763
1560889
1560988
1561138
1561265
1561277
1561341
1561356
1561360
1561517
1561556
1561578
1561609
1561613
1561691
1561719
1561721
1561751
1561771
1561833
1561867
1561890
1561915
1561938
1562002
1562027
1562061
1562071
1562200
1562216
1562336
1562505
1562705
1562727
1562855
1562903
1563017
1563037
1563228
1563234
1563341
1563345
1563397
1563453
1563528
1563534
1563543
1563552
1563563
1563614
1563640
1563660
1563665
1563770
1563794
1563809
1563868
1563877
1563935
1563954
1563991
1564009
1564135
1564381
1564404
1564467
1564487
1564508
1564559
1564638
1564671
1564674
1564676
1564727
1564857
1564947
1564991
1565006
1565059
1565196
1565256
1565290
1565581
1565639
1565651
1565671
1565690
1565743
1565829
1565943
1565952
1565970
1565989
1566264
1566275
1566322
1566441
1566479
1566504
1566550
1566568
1566657
1566670
1566687
1566696
1566717
1566736
1566738
1566741
1566743
1566745
1566746
1566747
1566762
1566835
1566843
1566848
1566856
1566874
1566877
1566882
1566944
1567034
1567047
1567070
1567083
1567108
1567119
1567126
1567133
1567138
1567140
1567156
1567167
1567192
1567205
1567215
1567226
1567242
1567360
1567453
1567454
1567480
1567493
1567570
1567608
1567639
1567647
1567670
1567678
1567695
1567698
1567750
1567768
1567810
1567857
1567862
1567870
1567881
1567884
1567889
1567960
1567965
1567967
1567972
1568117
1568194
1568196
1568202
1568309
1568343
1568436
1568437
1568511
1568674
1568677
1568700
1568723
1568727
1568732
1568770
1568790
1568835
1568851
1568873
1568939
1568968
1568969
1568983
1569022
1569157
1569166
1569231
1569288
1569294
1569327
1569359
1569408
1569427
1569438
1569491
1569519
1569561
1569579
1569675
1569717
1569735
1569744
1569751
1569889
1569967
1569983
1570002
1570056
1570067
1570071
1570211
1570265
1570387
1570428
1570498
1570523
1570544
1570555
1570676
1570698
1570751
1570825
1570924
1570944
1570946
1571049
1571056
1571143
1571144
1571158
1571223
1571244
1571266
1571272
1571297
1571300
1571320
1571400
1571485
1571488
1571513
1571561
1571602
1571642
1571717
1571768
1571828
1571835
1571865
1571894
1571898
1571899
1571902
1571903
1571925
1571967
1571971
1572131
1572276
1572351
1572395
1572453
1572507
1572520
1572531
1572536
1572574
1572589
1572639
1572657
1572676
1572766
1572771
1572777
1572820
1572877
1572922
1573020
1573041
1573129
1573250
1573252
1573255
1573261
1573263
1573282
1573304
1573326
1573377
1573405
1573419
1573421
1573507
1573520
1573529
1573587
1573661
1573682
1573695
1573743
1573766
1573811
1573830
1573837
1573866
1573972
1573973
1573998
1574006
1574026
1574032
1574044
1574099
1574224
1574246
1574395
1574402
1574405
1574437
1574561
1574607
1574645
1574730
1574734
1574754
1574816
1574926
1574931
1574934
1574963
1574998
1575009
1575025
1575053
1575080
1575207
1575217
1575334
1575439
1575449
1575463
1575466
1575520
1575528
1575532
1575599
1575617
1575724
1575738
1575739
1575818
1575874
1575934
1575961
1575979
1576041
1576071
1576080
1576083
1576099
1576100
1576121
1576155
1576202
1576210
1576238
1576249
1576259
1576278
1576291
1576333
1576351
1576362
1576383
1576393
1576411
1576476
1576478
1576562
1576583
1576596
1576617
1576622
1576650
1576667
1576677
1576714
1576742
1576778
1576786
1576788
1576817
1576843
1576853
1576856
1576860
1576864
1576865
1576873
1576876
1576927
1576935
1576937
1576943
1576947
1576960
1576964
1576993
1577063
1577090
1577098
1577104
1577117
1577127
1577131
1577154
1577160
1577167
1577171
1577180
1577182
1577186
1577192
1577313
1577328
1577366
1577403
1577457
1577523
1577530
1577555
1577570
1577586
1577677
1577731
1577804
1577887
1577929
1577981
1577990
1578022
1578023
1578024
1578028
1578044
1578052
1578053
1578055
1578058
1578059
1578060
1578061
1578063
1578195
1578201
1578205
1578209
1578210
1578230
1578246
1578252
1578255
1578258
1578263
1578283
1578300
1578305
1578318
1578327
1578332
1578380
1578383
1578417
1578447
1578450
1578510
1578527
1578530
1578549
1578553
1578558
1578570
1578572
1578602
1578609
1578616
1578630
1578636
1578640
1578647
1578769
1578816
1578892
1578963
1578980
1579004
1579020
1579067
1579091
1579126
1579143
1579194
1579195
1579196
1579197
1579198
1579215
1579233
1579245
1579300
1579323
1579380
1579381
1579383
1579390
1579441
1579492
1579514
1579552
1579608
1579669
1579722
1579746
1579770
1579858
1579861
1579865
1579953
1579963
1580003
1580053
1580094
1580117
1580229
1580329
1580335
1580345
1580396
1580502
1580527
1580563
1580578
1580964
1581013
1581091
1581118
1581132
1581134
1581135
1581136
1581139
1581140
1581141
1581142
1581150
1581183
1581186
1581228
1581242
1581336
1581408
1581414
1581420
1581421
1581422
1581423
1581424
1581426
1581427
1581428
1581449
1581479
1581489
1581508
1581549
1581568
1581619
1581628
1581806
1581807
1581828
1581917
1581933
1581944
1581985
1582066
1582068
1582261
1582288
1582307
1582311
1582373
1582384
1582395
1582412
1582457
1582470
1582595
1582644
1582647
1582650
1582676
1582677
1582678
1582680
1582681
1582682
1582683
1582684
1582686
1582687
1582688
1582689
1582690
1582700
1582701
1582713
1582853
1582857
1582911
1582926
1582932
1582982
1583150
1583172
1583343
1583366
1583475
1583482
1583561
1583703
1583818
1583826
1583842
1583881
1583885
1583895
1584101
1584106
1584109
1584124
1584247
1584364
1584443
1584464
1584553
1584627
1584694
1584706
1584795
1584821
1584825
1584830
1584863
1585054
1585171
1585217
1585265
1585366
1585372
1585403
1585453
1585477
1585478
1585500
1585522
1585524
1585525
1585526
1585527
1585528
1585530
1585531
1585532
1585533
1585535
1585537
1585538
1585540
1585541
1585542
1585543
1585544
1585545
1585547
1585548
1585549
1585568
1585584
1585623
1585841
1585844
1585910
1585913
1585923
1585938
1585955
1585956
1585991
1585997
1586003
1586021
1586072
1586078
1586168
1586253
1586256
1586314
1586360
1586380
1586419
1586421
1586507
1586541
1586547
1586558
1586561
1586578
1586583
1586615
1586658
1586685
1586696
1586720
1586772
1587083
1587186
1587224
1587242
1587311
1587357
1587374
1587407
1587442
1587456
1587613
1587625
1587698
1587759
1587794
1587855
1587868
1587894
1587939
1587973
1588060
1588193
1588204
1588225
1588284
1588289
1588467
1588504
1588510
1588545
1588683
1588741
1588814
1588824
1588853
1588870
1588880
1588935
1588954
1588965
1588984
1589034
1589078
1589103
1589150
1589217
1589242
1589387
1589388
1589434
1589451
1589476
1589490
1589571
1589758
1589760
1589797
1589918
1589965
1589969
1590009
1590024
1590031
1590084
1590185
1590233
1590245
1590325
1590359
1590436
1590455
1590473
1590505
1590629
1590644
1590653
1590656
1590911
1590953
1591072
1591085
1591104
1591115
1591163
1591324
1591351
1591411
1591428
1591482
1591683
1591719
1591755
1591802
1591812
1591892
1591915
1591976
1591979
1592006
1592018
1592037
1592088
1592111
1592112
1592131
1592146
1592177
1592230
1592244
1592278
1592315
1592329
1592345
1592360
1592388
1592389
1592473
1592498
1592532
1592568
1592630
1592633
1592640
1592661
1592666
1592708
1592711
1592732
1592880
1592960
1592993
1593005
1593023
1593034
1593088
1593186
1593275
1593627
1593629
1593654
1593734
1593832
1593873
1593882
1593891
1593896
1593905
1594153
1594219
1594222
1594238
1594251
1594288
1594364
1594367
1594393
1594400
1594417
1594428
1594510
1594564
1594610
1594656
1594809
1594843
1594984
1594985
1595005
1595039
1595057
1595058
1595074
1595095
1595274
1595293
1595322
1595325
1595342
1595360
1595373
1595512
1595553
1595598
1595601
1595840
1595849
1595873
1595907
1595922
1595932
1595955
1596008
1596010
1596014
1596132
1596142
1596199
1596218
1596223
1596274
1596325
1596402
1596473
1596482
1596810
1596811
1596877
1596881
1596889
1596930
1596940
1597027
1597037
1597090
1597099
1597263
1597286
1597311
1597312
1597313
1597314
1597315
1597317
1597319
1597321
1597322
1597323
1597324
1597325
1597333
1597381
1597466
1597476
1597540
1597562
1597589
1597610
1597776
1597867
1597896
1597945
1597993
1598040
1598041
1598077
1598081
1598128
1598173
1598197
1598206
1598315
1598389
1598400
1598401
1598424
1598552
1598594
1598638
1598725
1598742
1598771
1598932
1599016
1599051
1599125
1599173
1599216
1599264
1599316
1599347
1599378
1599447
1599470
1599671
1599720
1599751
1599754
1599864
1599897
1599921
1600107
1600128
1600145
1600149
1600190
1600263
1600276
1600330
1600444
1600508
1600514
1600582
1600585
1600587
1600605
1600619
1600678
1600705
1600769
1600804
1600822
1600860
1600954
1600975
1600978
1600997
1601004
1601019
1601052
1601074
1601080
1601115
1601163
1601303
1601457
1601545
1601560
1601562
1601575
1601581
1601617
1601737
1601739
1601740
1601741
1601744
1601746
1601747
1601748
1601749
1601751
1601752
1601753
1601754
1601755
1601756
1601757
1601758
1601759
1601760
1601761
1601763
1601764
1601866
1601883
1601919
1601927
1602014
1602044
1602130
1602149
1602162
1602192
1602217
1602282
1602391
1602433
1602453
1602472
1602539
1602811
1602938
1602941
1603051
1603129
1603130
1603139
1603144
1603176
1603205
1603284
1603304
1603308
1603314
1603343
1603361
1603509
1603607
1603608
1603634
1603717
1603729
1603884
1603888
1604011
1604121
1604188
1604199
1604211
1604269
1604293
1604363
1604396
1604422
1604455
1604506
1604512
1604546
1604582
1604583
1604594
1604627
1604655
1604674
1604689
1604694
1604697
1604713
1604727
1604790
1604795
1604868
1604870
1604911
1604922
1604970
1605006
1605007
1605015
1605099
1605127
1605152
1605159
1605179
1605212
1605244
1605278
1605296
1605298
1605311
1605363
1605384
1605413
1605423
1605459
1605514
1605573
1605644
1605693
1605791
1605978
1605990
1606007
1606015
1606050
1606088
1606109
1606117
1606145
1606159
1606294
1606361
1606366
1606378
1607591
1607662
1607663
1607704
1607729
1607732
1607733
1607748
1607783
1607800
1607917
1607955
1607962
1608029
1608033
1608054
1608153
1608156
1608161
1608257
1608268
1608273
1608282
1608283
1608326
1608334
1608348
1608359
1608369
1608469
1608495
1608504
1608562
1608572
1608590
1608625
1608682
1608740
1608806
1608941
1608958
1608960
1608965
1608987
1608999
1609018
1609096
1609182
1609243
1609261
1609289
1609348
1609361
1609363
1609418
1609436
1609457
1609463
1609497
1609666
1609697
1609724
1609808
1609847
1609853
1609878
1609898
1609910
1609919
1609987
1610004
1610042
1610064
1610176
1610200
1610206
1610239
1610243
1610247
1610326
1610347
1610350
1610368
1610406
1610454
1610483
1610549
1610633
1610638
1610647
1610691
1610697
1610715
1610741
1610828
1610885
1610892
1611024
1611084
1611118
1611131
1611141
1611144
1611252
1611287
1611295
1611412
1611472
1611509
1611547
1611549
1611694
1611760
1611838
1611874
1611880
1611955
1612033
1612127
1612161
1612194
1612200
1612204
1612222
1612251
1612334
1612387
1612446
1612517
1612536
1612643
1612720
1612830
1612834
1612937
1612982
1613046
1613054
1613065
1613078
1613123
1613158
1613183
1613202
1613218
1613257
1613271
1613287
1613289
1613334
1613336
1613392
1613397
1613398
1613409
1613463
1613508
1613512
1613520
1613533
1613544
1613593
1613609
1613650
1613772
1613786
1613790
1613818
1613850
1613858
1613869
1613870
1613876
1613882
1613944
1613982
1613983
1613996
1614093
1614139
1614182
1614313
1614379
1614462
1614496
1614497
1614502
1614546
1614567
1614650
1614699
1614711
1614758
1614828
1614837
1614864
1614980
1614984
1615109
1615119
1615157
1615252
1615362
1615443
1615450
1615488
1615511
1615544
1615773
1615776
1615806
1615817
1615820
1615863
1615875
1615888
1615931
1615952
1616080
1616103
1616125
1616180
1616341
1616459
1616474
1616477
1616529
1616574
1616605
1616613
1616617
1616658
1616662
1616668
1616716
1616812
1616831
1616872
1616951
1616952
1616965
1616976
1616977
1617004
1617064
1617217
1617254
1617288
1617474
1617475
1617511
1617546
1617734
1617764
1617777
1617819
1617970
1617974
1617980
1618370
1618477
1618504
1618521
1618569
1618596
1618615
1618653
1618692
1618769
1618771
1618773
1618945
1619102
1619109
1619115
1619118
1619203
1619420
1619427
1619477
1619571
1619608
1619716
1619720
1619739
1619740
1619741
1619742
1619743
1619784
1619806
1619819
1619837
1619900
1619940
1619942
1619973
1619990
1620065
1620070
1620089
1620136
1620137
1620204
1620208
1620272
1620288
1620292
1620321
1620358
1620376
1620413
1620527
1620529
1620548
1620566
1620626
1620659
1620685
1620696
1620699
1620729
1620765
1620790
1620792
1620803
1620814
1620858
1620862
1620875
1620912
1620942
1620993
1621018
1621022
1621033
1621064
1621111
1621133
1621227
1621231
1621284
1621294
1621317
1621367
1621377
1621378
1621384
1621394
1621398
1621418
1621537
1621545
1621553
1621566
1621588
1621625
1621633
1621651
1621662
1621723
1621731
1621735
1621758
1621761
1621790
1621803
1621806
1621820
1621836
1621851
1621901
1621909
1621932
1621946
1621975
1621986
1621994
1622021
1622046
1622083
1622122
1622159
1622169
1622195
1622234
1622240
1622267
1622305
1622316
1622355
1622401
1622408
1622415
1622423
1622429
1622509
1622530
1622629
1622689
1622691
1622707
1622725
1622729
1622764
1622767
1622773
1622775
1622861
1622874
1622985
1622987
1622992
1622997
1623141
1623246
1623261
1623355
1623370
1623372
1623391
1623394
1623409
1623441
1623464
1623465
1623485
1623502
1623539
1623600
1623620
1623638
1623661
1623714
1623731
1623739
1623761
1623784
1623831
1623854
1623943
1623966
1623975
1623985
1624046
1624053
1624056
1624078
1624106
1624121
1624137
1624164
1624199
1624225
1624245
1624247
1624265
1624289
1624364
1624394
1624423
1624448
1624472
1624499
1624589
1624624
1624635
1624681
1624691
1624727
1624821
1624827
1624936
1624941
1624946
1624954
1624964
1624981
1624985
1624994
1624995
1625030
1625033
1625038
1625046
1625091
1625165
1625259
1625281
1625440
1625459
1625465
1625466
1625489
1625510
1625525
1625536
1625570
1625617
1625632
1625675
1625697
1625702
1625703
1625707
1625713
1625725
1625830
1625945
1626019
1626031
1626100
1626147
1626175
1626195
1626220
1626253
1626269
1626274
1626283
1626294
1626307
1626312
1626315
1626316
1626349
1626380
1626394
1626425
1626463
1626486
1626500
1626549
1626551
1626566
1626637
1626652
1626659
1626712
1626713
1626725
1626734
1626743
1626749
1626754
1626761
1626794
1626795
1626801
1626846
1626858
1626889
1626894
1626896
1626908
1626911
1626924
1626991
1626993
1627012
1627044
1627047
1627148
1627180
1627182
1627284
1627305
1627314
1627318
1627344
1627361
1627368
1627377
1627389
1627449
1627457
1627478
1627480
1627498
1627505
1627517
1627518
1627521
1627522
1627526
1627534
1627535
1627543
1627575
1627620
1627643
1627678
1627684
1627755
1627767
1627818
1627881
1627902
1627940
1627943
1627958
1627999
1628037
1628050
1628079
1628105
1628122
1628123
1628182
1628198
1628211
1628230
1628232
1628293
1628299
1628318
1628381
1628512
1628513
1628532
1628535
1628545
1628562
1628607
1628648
1628730
1628735
1628847
1628883
1628891
1628897
1628905
1628910
1628918
1628948
1628972
1628974
1628979
1629047
1629071
1629079
1629093
1629116
1629119
1629151
1629161
1629180
1629184
1629194
1629217
1629231
1629245
1629246
1629318
1629342
1629354
1629360
1629363
1629375
1629580
1629597
1629605
1629622
1629646
1629649
1629696
1629699
1630537
1634877
1634879
1634884
1634891
1634905
1634920
1634929
1635006
1635054
1635090
1635111
1635158
1635161
1635195
1635206
1635229
1635421
1635428
1635433
1635460
1635463
1635488
1635492
1635548
1635570
1635601
1635622
1635661
1635685
1635687
1635738
1635739
1635782
1635859
1635881
1636011
1636023
1636033
1636081
1636206
1636210
1636269
1636282
1636284
1636341
1636368
1636395
1636402
1636403
1636406
1636414
1636435
1636470
1636533
1636556
1636633
1636637
1636661
1636677
1636683
1636684
1636756
1636764
1636769
1636778
1636803
1636821
1636851
1636866
1636895
1636909
1636910
1636913
1636923
1636924
1636950
1636966
1636967
1636983
1636991
1636994
1637042
1637043
1637047
1637075
1637090
1637108
1637161
1637206
1637220
1637291
1637326
1637341
1637480
1637505
1637509
1637543
1637545
1637546
1637554
1637559
1637582
1637633
1637664
1637726
1637957
1637960
1638052
1638070
1638105
1638106
1638109
1638133
1638154
1638158
1638190
1638192
1638204
1638373
1638393
1638435
1638542
1638555
1638632
1638650
1638719
1638726
1638747
1638773
1638908
1638925
1638939
1638974
1639000
1639027
1639033
1639103
1639120
1639151
1639174
1639207
1639234
1639242
1639252
1639253
1639255
1639281
1639403
1639442
1639444
1639488
1639505
1639554
1639575
1639598
1639613
1639658
1639701
1639724
1639741
1639760
1639784
1639785
1639822
1639837
1639841
1639843
1639848
1639893
1640116
1640117
1640131
1640169
1640191
1640257
1640264
1640286
1640297
1640302
1640321
1640335
1640336
1640348
1640387
1640422
1640462
1640487
1640515
1640535
1640553
1640561
1640584
1640589
1640606
1640627
1640638
1640658
1640661
1640670
1640681
1640691
1640734
1640798
1640838
1640859
1640880
1640954
1640963
1641037
1641091
1641131
1641257
1641298
1641315
1641348
1641360
1641371
1641399
1641401
1641425
1641428
1641453
1641479
1641500
1641522
1641526
1641548
1641557
1641567
1641572
1641583
1641586
1641593
1641597
1641642
1641643
1641657
1641661
1641710
1641764
1641828
1641841
1641885
1641898
1641941
1642072
1642079
1642099
1642101
1642120
1642183
1642332
1642412
1642462
1642463
1642501
1642809
1642863
1642870
1642976
1642987
1643022
1643032
1643077
1643162
1643184
1643190
1643275
1643284
1643348
1643350
1643368
1643373
1643407
1643424
1643428
1643439
1643442
1643467
1643523
1643604
1643646
1643660
1643678
1643705
1643721
1643751
1643788
1643821
1643835
1643838
1643849
1643853
1643904
1643953
1643978
1644078
1644082
1644102
1644124
1644125
1644137
1644158
1644175
1644183
1644187
1644201
1644245
1644259
1644329
1644331
1644354
1644368
1644377
1644411
1644415
1644424
1644432
1644500
1644541
1644550
1644551
1644570
1644586
1644596
1644601
1644629
1644633
1644642
1644645
1644650
1644653
1644667
1644698
1644819
1644850
1644903
1644926
1644928
1644930
1644947
1644961
1644968
1645048
1645066
1645082
1645119
1645136
1645172
1645189
1645231
1645253
1645272
1645408
1645459
1645464
1645474
1645475
1645568
1645674
1645693
1645709
1645734
1645846
1645852
1645860
1645862
1645863
1645871
1645878
1645882
1645888
1646135
1646181
1646227
1646282
1646284
1646293
1646350
1646379
1646402
1646463
1646549
1646569
1646614
1646620
1646673
1646675
1646683
1646730
1646765
1646790
1646831
1646835
1646849
1646870
1646874
1646877
1646931
1646936
1646984
1646989
1647010
1647020
1647029
1647043
1647083
1647110
1647112
1647117
1647133
1647137
1647139
1647141
1647149
1647234
1647245
1647246
1647277
1647285
1647293
1647294
1647330
1647335
1647345
1647348
1647357
1647371
1647413
1647455
1647460
1647464
1647585
1647606
1647614
1647623
1647636
1647682
1647696
1647719
1647725
1647749
1647760
1647869
1647900
1647920
1647960
1648007
1648016
1648026
1648034
1648035
1648080
1648119
1648130
1648132
1648135
1648138
1648146
1648169
1648173
1648179
1648201
1648233
1648237
1648242
1648265
1648282
1648288
1648295
1648296
1648309
1648315
1648321
1648324
1648331
1648340
1648341
1648426
1648441
1648486
1648490
1648537
1648557
1648568
1648577
1648588
1648620
1648649
1648653
1648680
1648685
1648688
1648751
1648787
1648789
1648802
1648812
1648841
1648887
1648899
1648915
1648924
1648926
1648927
1648935
1649137
1649179
1649202
1649205
1649249
1649285
1649286
1649347
1649349
1649387
1649412
1649416
1649418
1649421
1649423
1649427
1649462
1649524
1649600
1649655
1649677
1649701
1649737
1649793
1649802
1649853
1649895
1649907
1649913
1649926
1649936
1649951
1649964
1649974
1649995
1650031
1650050
1650099
1650111
1650121
1650126
1650130
1650135
1650165
1650167
1650284
1650291
1650296
1650338
1650348
1650352
1650353
1650356
1650361
1650369
1650517
1650537
1650538
1650561
1650578
1650591
1650595
1650597
1650600
1650621
1650626
1650722
1650770
1650785
1650792
1650841
1650844
1650847
1650851
1650874
1650883
1650905
1650921
1650931
1650942
1650964
1651013
1651024
1651028
1651046
1651080
1651140
1651146
1651184
1651307
1651378
1651432
1651451
1651468
1651524
1651527
1651534
1651539
1651542
1651547
1651549
1651552
1651553
1651554
1651555
1651562
1651564
1651565
1651568
1651570
1651580
1651581
1651584
1651585
1651592
1651604
1651615
1651618
1651621
1651622
1651628
1651631
1651641
1651649
1651652
1651672
1651678
1651720
1651728
1651730
1651756
1651812
1651816
1651846
1651858
1651869
1651891
1651918
1651925
1651938
1651975
1651982
1651983
1652005
1652006
1652021
1652022
1652034
1652049
1652166
1652189
1652200
1652220
1652240
1652281
1652293
1652362
1652366
1652370
1652381
1652385
1652390
1652452
1652495
1652499
1652512
1652523
1652540
1652545
1652591
1652614
1652617
1652660
1652661
1652668
1652767
1652773
1652781
1652862
1652876
1652877
1652898
1652988
1653031
1653097
1653100
1653117
1653126
1653164
1653183
1653186
1653206
1653270
1653288
1653315
1653337
1653350
1653375
1653399
1653466
1653487
1653536
1653648
1653687
1653716
1653734
1653737
1653747
1653752
1653763
1653767
1653776
1653787
1653811
1653817
1653830
1653836
1653850
1653863
1653889
1653913
1653936
1653957
1653988
1654042
1654052
1654078
1654113
1654152
1654348
1654372
1654492
1654525
1654542
1654604
1654728
1654739
1654842
1654915
1654919
1654922
1654935
1654955
1654961
1655086
1655118
1655175
1655188
1655298
1655300
1655318
1655366
1655390
1655399
1655417
1655423
1655460
1655478
1655505
1655509
1655544
1655651
1655653
1655665
1655674
1655766
1655772
1655818
1655829
1655832
1655833
1655842
1655859
1655860
1655883
1655884
1655906
1655911
1655958
1655968
1656004
1656074
1656147
1656164
1656203
1656205
1656350
1656369
1656386
1656387
1656458
1656519
1656546
1656622
1656656
1656715
1656894
1656895
1656967
1657022
1657036
1657078
1657140
1657243
1657299
1657307
1657411
1657417
1657479
1657481
1657484
1657498
1657507
1657545
1657547
1657551
1657676
1657789
1657888
1657930
1657990
1658028
1658040
1658042
1658075
1658207
1658335
1658445
1658465
1658600
1658629
1658794
1658811
1659151
1659212
1659252
1659305
1659340
1659361
1659387
1659414
1659499
1659512
1659594
1659641
1659755
1659756
1659757
1659796
1659800
1659844
1659874
1659880
1659883
1659892
1659905
1659922
1660059
1660076
1660077
1660121
1660146
1660163
1660180
1660221
1660230
1660232
1660234
1660241
1660244
1660250
1660260
1660263
1660267
1660270
1660274
1660277
1660280
1660281
1660283
1660287
1660290
1660331
1660441
1660465
1660473
1660492
1660498
1660503
1660526
1660536
1660543
1660552
1660555
1660562
1660565
1660580
1660591
1660600
1660601
1660604
1660616
1660617
1660621
1660629
1660633
1660647
1660752
1660829
1660870
1660904
1660909
1660911
1660916
1660921
1660956
1660990
1660998
1661003
1661046
1661321
1661339
1661366
1661408
1661596
1661634
1661641
1661654
1661663
1661665
1661670
1661683
1661708
1661714
1661720
1661721
1661726
1661730
1661732
1661735
1661738
1661741
1661742
1661744
1661747
1661752
1661754
1661856
1661880
1661901
1661917
1661951
1661975
1662013
1662028
1662042
1662045
1662047
1662056
1662060
1662063
1662067
1662075
1662083
1662084
1662178
1662192
1662254
1662261
1662262
1662273
1662274
1662277
1662290
1662299
1662306
1662312
1662357
1662360
1662383
1662403
1662414
1662491
1662619
1662649
1662653
1662744
1662761
1662762
1662937
1663005
1663012
1663176
1663295
1663347
1663470
1663496
1663499
1663516
1663587
1663637
1663677
1663751
1663799
1663807
1663851
1663943
1664054
1664083
1664101
1664128
1664186
1664243
1664246
1664385
1664533
1664551
1664719
1664786
1664794
1664832
1664852
1664853
1664855
1664908
1664914
1664924
1665105
1665111
1665120
1665128
1665138
1665140
1665143
1665146
1665148
1665155
1665212
1665254
1665277
1665299
1665320
1665389
1665394
1665397
1665400
1665402
1665489
1665540
1665561
1665591
1665609
1665640
1665682
1665695
1665700
1665708
1665710
1665712
1665716
1665726
1665772
1665809
1665828
1665854
1666011
1666025
1666034
1666077
1666094
1666134
1666159
1666178
1666184
1666279
1666282
1666301
1666351
1666473
1666499
1666502
1666506
1666507
1666566
1666781
1666826
1666849
1667002
1667027
1667044
1667070
1667093
1667101
1667131
1667146
1667147
1667187
1667190
1667217
1667250
1667276
1667283
1667288
1667303
1667317
1667338
1667379
1667386
1667388
1667391
1667397
1667398
1667399
1667401
1667409
1667457
1667473
1667552
1667585
1667590
1667647
1667699
1667708
1667767
1667787
1667797
1667937
1667984
1668006
1668037
1668053
1668054
1668056
1668059
1668061
1668063
1668065
1668067
1668253
1668255
1668307
1668319
1668366
1668403
1668441
1668444
1668451
1668500
1668507
1668518
1668586
1668621
1668641
1668676
1668690
1668705
1668751
1668762
1668764
1668770
1668772
1668775
1668797
1668820
1668864
1668884
1668923
1668926
1668967
1668973
1668978
1668984
1669016
1669019
1669023
1669025
1669047
1669061
1669066
1669344
1669352
1669365
1669429
1669435
1669463
1669466
1669468
1669512
1669554
1669615
1669628
1669647
1669656
1669659
1669669
1669712
1669747
1669754
1669755
1669758
1669769
1669776
1669782
1669783
1669787
1669792
1669800
1669862
1669878
1669956
1669984
1669996
1670004
1670014
1670018
1670035
1670040
1670053
1670075
1670122
1670134
1670185
1670187
1670191
1670195
1670198
1670222
1670231
1670238
1670243
1670291
1670381
1670389
1670427
1670470
1670480
1670481
1670540
1670543
1670672
1670724
1670734
1670767
1670833
1670849
1670862
1670908
1670928
1670955
1670968
1670983
1670990
1671084
1671150
1671153
1671199
1671252
1671302
1671307
1671381
1671391
1671408
1671418
1671430
1671451
1671486
1671535
1671540
1671545
1671559
1671591
1671603
1671606
1671610
1671612
1671634
1671731
1671810
1671813
1671852
1671862
1671890
1671892
1671913
1672014
1672030
1672040
1672078
1672082
1672090
1672091
1672093
1672095
1672099
1672104
1672105
1672113
1672206
1672210
1672242
1672303
1672314
1672328
1672368
1672386
1672387
1672450
1672457
1672468
1672470
1672474
1672532
1672541
1672569
1672581
1672585
1672718
1672723
1672728
1672730
1672754
1672769
1672779
1672804
1672878
1672887
1672893
1672908
1672928
1672944
1672956
1672962
1672996
1673116
1673140
1673154
1673188
1673234
1673245
1673310
1673317
1673343
1673362
1673364
1673365
1673385
1673393
1673395
1673496
1673526
1673535
1673538
1673549
1673577
1673589
1673595
1673604
1673618
1673639
1673653
1673655
1673679
1673760
1673932
1673936
1673953
1673955
1673973
1674016
1674076
1674118
1674177
1674187
1674214
1674237
1674241
1674255
1674262
1674264
1674292
1674382
1674383
1674410
1674430
1674440
1674505
1674519
1674581
1674648
1674695
1674716
1674730
1674773
1674844
1674907
1674934
1674961
1674963
1674967
1674985
1674994
1674997
1675007
1675014
1675025
1675082
1675111
1675118
1675126
1675145
1675146
1675181
1675295
1675299
1675303
1675308
1675339
1675344
1675347
1675350
1675353
1675357
1675359
1675360
1675381
1675389
1675396
1675401
1675404
1675463
1675477
1675516
1675545
1675598
1675642
1675721
1675738
1675789
1675818
1675926
1675936
1675977
1676039
1676054
1676102
1676123
1676166
1676171
1676268
1676269
1676325
1676368
1676382
1676437
1676439
1676446
1676454
1676463
1676635
1676725
1676728
1676739
1676740
1676771
1676845
1676907
1676910
1676918
1676933
1676950
1676970
1676988
1677015
1677247
1677320
1677324
1677353
1677372
1677546
1677559
1677575
1677612
1677618
1677625
1677632
1677643
1677670
1677693
1677739
1677798
1677824
1677830
1677880
1677891
1677905
1677912
1677949
1677999
1678008
1678080
1678088
1678100
1678104
1678108
1678121
1678130
1678147
1678159
1678177
1678185
1678213
1678230
1678242
1678336
1678378
1678431
1678463
1678602
1678642
1678680
1678688
1678698
1678728
1678744
1678758
1678763
1678872
1678890
1678906
1678916
1678997
1679076
1679109
1679466
1679470
1679473
1679809
1679816
1679820
1679848
1679850
1679895
1679913
1679942
1679961
1679974
1680000
1680042
1680083
1680084
1680157
1680253
1680321
1680354
1680389
1680390
1680400
1680401
1680425
1680489
1680505
1680524
1680603
1680625
1680637
1680639
1680646
1680647
1680653
1680654
1680660
1680661
1680665
1680671
1680672
1680673
1680676
1680678
1680685
1680686
1680695
1680699
1680700
1680728
1680729
1680731
1680734
1680743
1680746
1680748
1680807
1680864
1680936
1681040
1681048
1681055
1681070
1681152
1681254
1681263
1681265
1681271
1681305
1681343
1681357
1681363
1681371
1681528
1681532
1681543
1681548
1681555
1681573
1681600
1681615
1681699
1681704
1681707
1681711
1681733
1682215
1682359
1682363
1682463
1682506
1682507
1682516
1682651
1682661
1682664
1682666
1682892
1682927
1683142
1683181
1683234
1683549
1683578
1683592
1683626
1683664
1683665
1683747
1683797
1683825
1683828
1683855
1683879
1683899
1683936
1683971
1684017
1684023
1684040
1684049
1684116
1684298
1684592
1684620
1684630
1684634
1684654
1684661
1684663
1684666
1684684
1684712
1684726
1684727
1684728
1684730
1684732
1684735
1684737
1684738
1684739
1684742
1684803
1684813
1684816
1684821
1684822
1684823
1684828
1684830
1684844
1684851
1684858
1684909
1684914
1684922
1684925
1684929
1684930
1684933
1684937
1684943
1684947
1684954
1684962
1684963
1684966
1684977
1684986
1684996
1684997
1685002
1685018
1685023
1685031
1685064
1685283
1685315
1685351
1685372
1685384
1685392
1685425
1685480
1685489
1685545
1685636
1685661
1685676
1685683
1685769
1685929
1685979
1686020
1686042
1686054
1686079
1686085
1686089
1686091
1686118
1686122
1686142
1686159
1686209
1686213
1686228
1686237
1686252
1686267
1686269
1686273
1686279
1686299
1686356
1686377
1686384
1686417
1686427
1686476
1686494
1686505
1686522
1686530
1686565
1686587
1686613
1686628
1686700
1686720
1686734
1686843
1686844
1686851
1686856
1686872
1686878
1686879
1686887
1686907
1686915
1686920
1686922
1686985
1687088
1687107
1687111
1687129
1687182
1687184
1687189
1687197
1687204
1687226
1687230
1687258
1687262
1687266
1687397
1687415
1687464
1687467
1687493
1687539
1687553
1687569
1687572
1687575
1687578
1687581
1687599
1687601
1687610
1687614
1687617
1687624
1687626
1687633
1687634
1687637
1687655
1687760
1687763
1687799
1687801
1687827
1687833
1687837
1687863
1687869
1687870
1687880
1687884
1687889
1687896
1687898
1687910
1687952
1687979
1688000
1688098
1688133
1688141
1688145
1688147
1688179
1688242
1688277
1688287
1688313
1688424
1688444
1688445
1688521
1688540
1688605
1688617
1688628
1688655
1688694
1688700
1688710
1688712
1688720
1688733
1688752
1688756
1688763
1688766
1688767
1688768
1688771
1688779
1688792
1688807
1688812
1688813
1688814
1688816
1688833
1688837
1688848
1688852
1688856
1688859
1688862
1688886
1688984
1689017
1689023
1689024
1689029
1689052
1689066
1689153
1689207
1689248
1689249
1689250
1689251
1689253
1689345
1689348
1689364
1689365
1689369
1689407
1689409
1689413
1689442
1689513
1689556
1689570
1689571
1689575
1689595
1689599
1689652
1689728
1689756
1689757
1689808
1689822
1689826
1689834
1689847
1689848
1689857
1689876
1689918
1689930
1689931
1689960
1689985
1690004
1690014
1690016
1690019
1690037
1690056
1690058
1690059
1690064
1690071
1690088
1690137
1690157
1690166
1690216
1690217
1690239
1690255
1690257
1690284
1690291
1690293
1690295
1690324
1690330
1690345
1690354
1690364
1690366
1690373
1690464
1690465
1690492
1690509
1690538
1690561
1690632
1690638
1690640
1690647
1690650
1690667
1690668
1690670
1690672
1690674
1690681
1690682
1690686
1690689
1690691
1690735
1690747
1690783
1690814
1690822
1690828
1690833
1690836
1690841
1690849
1690860
1690889
1690905
1690963
1690986
1691003
1691006
1691014
1691039
1691057
1691082
1691121
1691205
1691215
1691231
1691233
1691253
1691258
1691267
1691271
1691273
1691282
1691293
1691294
1691295
1691296
1691297
1691309
1691448
1691485
1692025
1692040
1692043
1692059
1692079
1692099
1692139
1692148
1692156
1692172
1692189
1692193
1692198
1692202
1692203
1692221
1692307
1692360
1692391
1692402
1692459
1692484
1692492
1692499
1692524
1692529
1692665
1692766
1692768
1692901
1693035
1693057
1693060
1693181
1693201
1693211
1693216
1693239
1693272
1693282
1693330
1693446
1693455
1693472
1693507
1693533
1693630
1693716
1693729
1693900
1693984
1693988
1694067
1694073
1694076
1694140
1694156
1694262
1694584
1694592
1694632
1694645
1694736
1694746
1694982
1695288
1695291
1695416
1695529
1695586
1695622
1695653
1695654
1695669
1695742
1695746
1695856
1695861
1695863
1695894
1695993
1696054
1696083
1696132
1696133
1696138
1696201
1696222
1696245
1696383
1696394
1696423
1696429
1696437
1696442
1696465
1696473
1696475
1696502
1696503
1696567
1696571
1696688
1696716
1696809
1696814
1696821
1696889
1696902
1696922
1696937
1696944
1696985
1696987
1696991
1697028
1697175
1697186
1697283
1697284
1697287
1697337
1697344
1697379
1697405
1697518
1697653
1697659
1697849
1697855
1697868
1697883
1697914
1698128
1698152
1698438
1698444
1698743
1699201
1699275
1699336
1699344
1699452
1699463
1699476
1699495
1699516
1699529
1699550
1699634
1699640
1699652
1699701
1699753
1699762
1699787
1699826
1699861
1699882
1699902
1699906
1699912
1699958
1700046
1700094
1700102
1700103
1700160
1700447
1700476
1700496
1700529
1700584
1700619
1700711
1700723
1700730
1700778
1700783
1700838
1700899
1700937
1701006
1701032
1701054
1701130
1701174
1701186
1701194
1701342
1701356
1701369
1701410
1701472
1701478
1701491
1701506
1701517
1701530
1701558
1701585
1701612
1701653
1701679
1701695
1701737
1701837
1702153
1702231
1702243
1702251
1702268
1702274
1702287
1702345
1702350
1702356
1702370
1702374
1702385
1702411
1702413
1702427
1702441
1702608
1702609
1702696
1702714
1702720
1702722
1702774
1702792
1702888
1702906
1702922
1703000
1703048
1703052
1703114
1703117
1703126
1703149
1703205
1703254
1703276
1703278
1703346
1703359
1703384
1703408
1703513
1703569
1703574
1703584
1703586
1703681
1703744
1703799
1703893
1703912
1703944
1704030
1704069
1704076
1704110
1704112
1704134
1704164
1704193
1704198
1704238
1704242
1704253
1704284
1704302
1704303
1704306
1704338
1704364
1704386
1704401
1704428
1704429
1704485
1704542
1704580
1704699
1704738
1705029
1705030
1705083
1705159
1705203
1705216
1705284
1705306
1705307
1705373
1705388
1705413
1705417
1705422
1705430
1705490
1705516
1705528
1705530
1705636
1705665
1705716
1705744
1705745
1705760
1705823
1705883
1705892
1705926
1705929
1705943
1706086
1706090
1706107
1706121
1706136
1706182
1706244
1706259
1706261
1706290
1706292
1706323
1706371
1706417
1706468
1706472
1706492
1706506
1706556
1706573
1706663
1706701
1706736
1706817
1706915
1707680
1707681
1707959
1707977
1707998
1708002
1708230
1708242
1708301
1708308
1708347
1708349
1708446
1708632
1708674
1708700
1708701
1708729
1708738
1708756
1708785
1708804
1708837
1708892
1708907
1708967
1709000
1709009
1709072
1709100
1709104
1709115
1709126
1709169
1709323
1709330
1709333
1709351
1709527
1709558
1709613
1709615
1709629
1709810
1709874
1709943
1710015
1710023
1710032
1710041
1710080
1710135
1710166
1710236
1710437
1710464
1710483
1710534
1710602
1710662
1710672
1710739
1710753
1710780
1710801
1710886
1710991
1711050
1711054
1711090
1711111
1711175
1711243
1711336
1711355
1711396
1711534
1711546
1711598
1711629
1711631
1711645
1711727
1711783
1711827
1711849
1711938
1711979
1711996
1712078
1712137
1712293
1712303
1712365
1712378
1712442
1712481
1712491
1712524
1712676
1712690
1712699
1712738
1712770
1712772
1712795
1712806
1712822
1712895
1712952
1713002
1713058
1713108
1713211
1713255
1713286
1713358
1713362
1713382
1713443
1713447
1713526
1713593
1713599
1713678
1713683
1713698
1713774
1713781
1713832
1713852
1713869
1713881
1713884
1713929
1713953
1713960
1713971
1713988
1714041
1714064
1714068
1714095
1714096
1714109
1714122
1714207
1714233
1714362
1714386
1714388
1714400
1714403
1714601
1714611
1714623
1714683
1714694
1714706
1714731
1714739
1714773
1714786
1714873
1714903
1714914
1714976
1714987
1715012
1715176
1715221
1715325
1715338
1715345
1715402
1715406
1715466
1715532
1715582
1715597
1715607
1715659
1715674
1715725
1715728
1715729
1715730
1715731
1715733
1715735
1715746
1715768
1715807
1715823
1715875
1715880
1715891
1715936
1715979
1716015
1716084
1716098
1716102
1716117
1716128
1716168
1716257
1716278
1716287
1716288
1716299
1716304
1716348
1716353
1716432
1716443
1716489
1716505
1716508
1716515
1716566
1716583
1716613
1716633
1716645
1716702
1716706
1716719
1716739
1716882
1716929
1716936
1716946
1716981
1717059
1717174
1717221
1717228
1717357
1717413
1717465
1717484
1717570
1717608
1717611
1717645
1717698
1717826
1717829
1717853
1717886
1717936
1717958
1717979
1717997
1718082
1718165
1718175
1718183
1718195
1718250
1718401
1718597
1718816
1721282
1721299
1721352
1721359
1721376
1721378
1721383
1721386
1721391
1723005
1723010
1723033
1723039
1723048
1723074
1723082
1723096
1723142
1723146
1723154
1723235
1723240
1723266
1723302
1723421
1723441
1723475
1723478
1723516
1723518
1723527
1723579
1723680
1723706
1723724
1723730
1723768
1723950
1724067
1724209
1724419
1724434
1724504
1724612
1724666
1724694
1724761
1724766
1724829
1724889
1724899
1724955
1724978
1725005
1725014
1725077
1725102
1725128
1725209
1725220
1725267
1725271
1725343
1725373
1725383
1725413
1725515
1725524
1725598
1725636
1725692
1725726
1725780
1725801
1725853
1725894
1725915
1725969
1725983
1725986
1726034
1726036
1726082
1726169
1726219
1726296
1726310
1726384
1726433
1726446
1726502
1726511
1726606
1726611
1726692
1726693
1726710
1726739
1726795
1726805
1726817
1726827
1726834
1726842
1726858
1726895
1726984
1726985
1727039
1727069
1727081
1727111
1727143
1727146
1727149
1727153
1727169
1727171
1727221
1727294
1727324
1727513
1727557
1727600
1727613
1727674
1727754
1727785
1727840
1727859
1727863
1727911
1727950
1727954
1727957
1727958
1727983
1727984
1728022
1728055
1728080
1728116
1728160
1728162
1728173
1728177
1728181
1728255
1728354
1728358
1728365
1728406
1728422
1728427
1728440
1728441
1728641
1728691
1728741
1728808
1728846
1728892
1728898
1728926
1728939
1729008
1729118
1729125
1729182
1729266
1729301
1729354
1729378
1729383
1729389
1729460
1729479
1729546
1729591
1729613
1729629
1729638
1729694
1729697
1729707
1729852
1729936
1729988
1730012
1730029
1730051
1730088
1730096
1730104
1730107
1730149
1730243
1730288
1730302
1730306
1730352
1730365
1730519
1730598
1730631
1730643
1730741
1730796
1730816
1730833
1730846
1730887
1730889
1730891
1730895
1730921
1730942
1730960
1730961
1730979
1731000
1731003
1731033
1731050
1731062
1731113
1731119
1731129
1731157
1731169
1731189
1731213
1731331
1731339
1731357
1731393
1731444
1731455
1731481
1731496
1731503
1731505
1731526
1731529
1731549
1731551
1731684
1731721
1731727
1731729
1731752
1731759
1731794
1731840
1731848
1731854
1731867
1731917
1732042
1732070
1732165
1732174
1732178
1732194
1732251
1732289
1732295
1732399
1732456
1732463
1732478
1732583
1732590
1732726
1732737
1732745
1732752
1732762
1732777
1732867
1732951
1732952
1733035
1733072
1733103
1733106
1733137
1733138
1733242
1733298
1733318
1733331
1733352
1733371
1733403
1733406
1733416
1733419
1733425
1733441
1733453
1733704
1733742
1733751
1733790
1733808
1733811
1733875
1733898
1733991
1733995
1734000
1734006
1734010
1734110
1734117
1734121
1734123
1734196
1734260
1734283
1734333
1734368
1734369
1734396
1734405
1734417
1734423
1734505
1734524
1734558
1734580
1734585
1734597
1734627
1734633
1734640
1734651
1734657
1734681
1734687
1734688
1734701
1734714
1734730
1734792
1734827
1734854
1734884
1734886
1734892
1734898
1735003
1735027
1735064
1735082
1735140
1735292
1735327
1735389
1735453
1735463
1735557
1735587
1735590
1735595
1735618
1735621
1735642
1735644
1735652
1735671
1735685
1735701
1735822
1735857
1735940
1735946
1735951
1735982
1735983
1735989
1735993
1736004
1736032
1736064
1736067
1736069
1736131
1736143
1736160
1736178
1736219
1736254
1736260
1736275
1736317
1736328
1736344
1736360
1736376
1736442
1736460
1736476
1736478
1736559
1736560
1736573
1736659
1736671
1736713
1736734
1736774
1736778
1736798
1736814
1736815
1736828
1736836
1736904
1737024
1737026
1737047
1737072
1737088
1737094
1737110
1737124
1737137
1737173
1737211
1737251
1737311
1737335
1737394
1737414
1737441
1737493
1737571
1737580
1737595
1737670
1737711
1737713
1737715
1737763
1737789
1737887
1737923
1737945
1737992
1738003
1738084
1738088
1738097
1738115
1738201
1738326
1738408
1738411
1738419
1738423
1738526
1738552
1738580
1738599
1738605
1738614
1738618
1738626
1738688
1738699
1738774
1738816
1738817
1738909
1738920
1738935
1738952
1738957
1738997
1739006
1739012
1739016
1739022
1739031
1739038
1739045
1739078
1739084
1739089
1739103
1739108
1739144
1739154
1739224
1739236
1739239
1739245
1739268
1739382
1739394
1739398
1739399
1739416
1739436
1739442
1739482
1739565
1739611
1739630
1739639
1739672
1739826
1739839
1739851
1739852
1739853
1739861
1739873
1739881
1739897
1739912
1740080
1740081
1740093
1740185
1740198
1740308
1740349
1740532
1740746
1740755
1740850
1740856
1740916
1740917
1740944
1740997
1741001
1741027
1741047
1741074
1741510
1741590
1741605
1741618
1741815
1741818
1741848
1741917
1741933
1742013
1742104
1742148
1742185
1742211
1742221
1742227
1742231
1742234
1742273
1742283
1742315
1742322
1742369
1742407
1742414
1742424
1742437
1742450
1742482
1742483
1742579
1742603
1742652
1742663
1742678
1742752
1742776
1742860
1742868
1742892
1742959
1742963
1743002
1743039
1743067
1743213
1743252
1743259
1743286
1743342
1743344
1743353
1743374
1743387
1743429
1743522
1743525
1743632
1743709
1743732
1743737
1743748
1743750
1743762
1743765
1743837
1743847
1743848
1743870
1743882
1743897
1743982
1744029
1744031
1744054
1744110
1744120
1744141
1744159
1744232
1744250
1744303
1744312
1744315
1744327
1744344
1744353
1744360
1744361
1744373
1744398
1744407
1744416
1744472
1744488
1744554
1744557
1744592
1744597
1744614
1744622
1744644
1744793
1744840
1744854
1744928
1744947
1744992
1745008
1745009
1745040
1745077
1745105
1745109
1745116
1745132
1745154
1745162
1745184
1745189
1745219
1745245
1745254
1745304
1745324
1745353
1745486
1745507
1745515
1745727
1745757
1745874
1745934
1745951
1745992
1745997
1746003
1746025
1746061
1746129
1746142
1746161
1746173
1746186
1746187
1746267
1746310
1746325
1746337
1746411
1746425
1746433
1746439
1746452
1746513
1746525
1746603
1746609
1746613
1746614
1746632
1746634
1746655
1746662
1746665
1746668
1746669
1746686
1746702
1746730
1746744
1746773
1746801
1746809
1746849
1746872
1746922
1746927
1746968
1746992
1747018
1747019
1747032
1747092
1747154
1747155
1747178
1747179
1747196
1747244
1747259
1747304
1747335
1747447
1747500
1747509
1747515
1747524
1747529
1747649
1747699
1747726
1747766
1747770
1747786
1747829
1747830
1747872
1747876
1747930
1747944
1747953
1747954
1748012
1748030
1748086
1748087
1748137
1748145
1748159
1748189
1748203
1748229
1748245
1748258
1748317
1748370
1748382
1748419
1748484
1748631
1748698
1748732
1748733
1748760
1748796
1748809
1748941
1749001
1749096
1749148
1749168
1749176
1749206
1749245
1749289
1749310
1749334
1749402
1749403
1749480
1749485
1749487
1749493
1749505
1749534
1749607
1749861
1749885
1749963
1749965
1750010
1750042
1750074
1750141
1750144
1750160
1750179
1750189
1750193
1750213
1750312
1750356
1750362
1750429
1750653
1750666
1750957
1750972
1750977
1750983
1751043
1751067
1751086
1751151
1751237
1751250
1751396
1751418
1751420
1751447
1751781
1751787
1751802
1751820
1751822
1751826
1751872
1751876
1751898
1751908
1751912
1751936
1751947
1751969
1752032
1752053
1752057
1752087
1752123
1752171
1752193
1752208
1752232
1752252
1752273
1752278
1752542
1752549
1752580
1752588
1752685
1752686
1752868
1753110
1753166
1753221
1753229
1753348
1753370
1753400
1753418
1753439
1753461
1753494
1753510
1753543
1753584
1753630
1753669
1753701
1753702
1753758
1753780
1753794
1753824
1753844
1753861
1753914
1753940
1753960
1754054
1754062
1754108
1754224
1754256
1754359
1754371
1754474
1754500
1754529
1754592
1754618
1754628
1754631
1754797
1754825
1754887
1754901
1754970
1754979
1755026
1755074
1755082
1755160
1755194
1755220
1755240
1755251
1755271
1755306
1755408
1755412
1755426
1755437
1755439
1755468
1755475
1755477
1755483
1755484
1755485
1755486
1755489
1755496
1755578
1755583
1755584
1755593
1755601
1755614
1755618
1755689
1755705
1755759
1755777
1755798
1755888
1755891
1755950
1755976
1755980
1756012
1756045
1756047
1756051
1756080
1756082
1756084
1756091
1756096
1756123
1756143
1756158
1756173
1756176
1756186
1756240
1756266
1756273
1756287
1756309
1756366
1756377
1756378
1756382
1756395
1756401
1756405
1756444
1756460
1756474
1756520
1756527
1756585
1756596
1756602
1756700
1756731
1756775
1756779
1756806
1756821
1756822
1757030
1757166
1757237
1757245
1757261
1757268
1757304
1757312
1757318
1757327
1757336
1757416
1757489
1757494
1757498
1757504
1757507
1757510
1757514
1757521
1757534
1757539
1757543
1757546
1757572
1757573
1757621
1757638
1757643
1757653
1757656
1757657
1757665
1757702
1757736
1757758
1757793
1757800
1757827
1757836
1757907
1757923
1757950
1757997
1758015
1758068
1758081
1758092
1758211
1758292
1758305
1758314
1758316
1758325
1758327
1758360
1758392
1758398
1758471
1758480
1758535
1758540
1758580
1758583
1758656
1758893
1758913
1758965
1758985
1759007
1759012
1759024
1759045
1759060
1759097
1759100
1759104
1759105
1759115
1759157
1759205
1759211
1759230
1759313
1759315
1759361
1759364
1759418
1759420
1759426
1759432
1759439
1759449
1759455
1759459
1759461
1759469
1759473
1759495
1759628
1759649
1759680
1759716
1759792
1759855
1759900
1760084
1760085
1760092
1760138
1760146
1760148
1760156
1760180
1760240
1760241
1760289
1760295
1760345
1760349
1760354
1760450
1760477
1760548
1760553
1760555
1760574
1760580
1760583
1760622
1760644
1760660
1760679
1760707
1760788
1760811
1760854
1760858
1760871
1760966
1760968
1760982
1760993
1760999
1761046
1761075
1761089
1761093
1761095
1761146
1761149
1761216
1761306
1761338
1761340
1761403
1761473
1761485
1761633
1761667
1761690
1761692
1761693
1761728
1761754
1761775
1761789
1761804
1761873
1761877
1761886
1761938
1761943
1761945
1761990
1761996
1762026
1762032
1762231
1762269
1762272
1762283
1762292
1762294
1762301
1762338
1762341
1762373
1762376
1762413
1762425
1762447
1762486
1762530
1762606
1762610
1762628
1762671
1762727
1762762
1762874
1762878
1762915
1762931
1763132
1763228
1763284
1763285
1763318
1763520
1763530
1763562
1763641
1763650
1763801
1763827
1763834
1763856
1763952
1764019
1764056
1764070
1764114
1764141
1764226
1764240
1764273
1764344
1764360
1764422
1764443
1764474
1764524
1764650
1764651
1764654
1764686
1764968
1764973
1764985
1764996
1764998
1765056
1765063
1765071
1765078
1765180
1765208
1765219
1765271
1765295
1765369
1765424
1765462
1765544
1765596
1765611
1765689
1765829
1765914
1765948
1765955
1766085
1766095
1766109
1766133
1766140
1766170
1766185
1766207
1766296
1766335
1766409
1766433
1766438
1766441
1766449
1766452
1766597
1766601
1766603
1766634
1766647
1766678
1766700
1766741
1766775
1766944
1766970
1766978
1767034
1767151
1767168
1767191
1767200
1767254
1767260
1767444
1767453
1767496
1767578
1767587
1767660
1767702
1767709
1767771
1767858
1767864
1767908
1767915
1767942
1767967
1767981
1767982
1767989
1767996
1768004
1768027
1768070
1768077
1768145
1768147
1768180
1768202
1768265
1768326
1768395
1768429
1768458
1768485
1768514
1768566
1768669
1768719
1768809
1768944
1769004
1769026
1769043
1769045
1769078
1769082
1769109
1769124
1769153
1769328
1769337
1769357
1769359
1769361
1769375
1769430
1769432
1769434
1769441
1769509
1769535
1769563
1769567
1769569
1769574
1769672
1769704
1769739
1769890
1769948
1769989
1769995
1770081
1770093
1770102
1770103
1770106
1770108
1770116
1770118
1770119
1770121
1770126
1770149
1770222
1770265
1770414
1770517
1770592
1770621
1770654
1770882
1770945
1770954
1771038
1771180
1771208
1771297
1771329
1771390
1771488
1771690
1771694
1771697
1771714
1771814
1771822
1771823
1771870
1772076
1772082
1772115
1772122
1772123
1772170
1772198
1772223
1772231
1772281
1772288
1772313
1772340
1772354
1772413
1772428
1772495
1772516
1772519
1772676
1772682
1772697
1772724
1772777
1772818
1772866
1772882
1773017
1773056
1773078
1773101
1773119
1773170
1773226
1773328
1773383
1773476
1773481
1773486
1773547
1773833
1773877
1773878
1773902
1773931
1773985
1774003
1774009
1774168
1774349
1774369
1774509
1774570
1774609
1774623
1774651
1774714
1775117
1775147
1775150
1775163
1775178
1775185
1775205
1775217
1775257
1775285
1775315
1775383
1775403
1775427
1775478
1775496
1775634
1775656
1775660
1775670
1775692
1775776
1775948
1775957
1775974
1776024
1776034
1776037
1776041
1776067
1776073
1776094
1776095
1776109
1776129
1776132
1776145
1776174
1776298
1776339
1776353
1776356
1776361
1776367
1776371
1776403
1776508
1776520
1776527
1776639
1776648
1776649
1776674
1776688
1776694
1776699
1776708
1776722
1776778
1776780
1776795
1776863
1776874
1776917
1777076
1777125
1777190
1777236
1777240
1777245
1777297
1777324
1777327
1777391
1777418
1777419
1777425
1777428
1777456
1777461
1777471
1777489
1777511
1777514
1777553
1777651
1777663
1777735
1777737
1777775
1777776
1777777
1777807
1777881
1777893
1777985
1778113
1778178
1778238
1778254
1778263
1778301
1778306
1778379
1778398
1778406
1778469
1778479
1778533
1778631
1778766
1778787
1778793
1778873
1778906
1778915
1778951
1778955
1778992
1779005
1779032
1779137
1779181
1779202
1779205
1779223
1779232
1779290
1779316
1779329
1779331
1779334
1779339
1779347
1779370
1779502
1779537
1779547
1779605
1779652
1779746
1779762
1779793
1779795
1779798
1779825
1779827
1779829
1779841
1779948
1780048
1780065
1780210
1780242
1780262
1780264
1780305
1780324
1780359
1780445
1780509
1780534
1780548
1780581
1780621
1780667
1780674
1780676
1780773
1780834
1780937
1780939
1780973
1781052
1781072
1781102
1781112
1781156
1781181
1781240
1781255
1781275
1781300
1781326
1781341
1781348
1781415
1781439
1781477
1781481
1781527
1781528
1781657
1781670
1781675
1781702
1781714
1781733
1781735
1781742
1781780
1781791
1781828
1781831
1781835
1781879
1781896
1781945
1782001
1782037
1782074
1782075
1782080
1782118
1782140
1782156
1782188
1782207
1782238
1782272
1782367
1782399
1782459
1782554
1782565
1782661
1782835
1782867
1782893
1782894
1782931
1782934
1782964
1782966
1782986
1783022
1783045
1783071
1783102
1783104
1783165
1783173
1783174
1783214
1783244
1783245
1783265
1783297
1783309
1783340
1783366
1783374
1783375
1783378
1783387
1783460
1783463
1783473
1783477
1783502
1783503
1783512
1783562
1783639
1783643
1783648
1783670
1783699
1783713
1783735
1783843
1783945
1783947
1783958
1783973
1783974
1783975
1783993
1784002
1784026
1784035
1784126
1784139
1784167
1784229
1784241
1784284
1784295
1784352
1784399
1784414
1784455
1784466
1784518
1784545
1784615
1784649
1784673
1784674
1784707
1784710
1784722
1784726
1784909
1784938
1784945
1784958
1784962
1784987
1784988
1784990
1785073
1785081
1785097
1785128
1785159
1785177
1785193
1785227
1785236
1785239
1785245
1785254
1785261
1785312
1785331
1785369
1785376
1785404
1785469
1785470
1785529
1785572
1785581
1785585
1785644
1785682
1785690
1785698
1785796
1786034
1786052
1786092
1786105
1786169
1786222
1786467
1786474
1786484
1786494
1786513
1786636
1786644
1786729
1786733
1786758
1786769
1786772
1786777
1786779
1786804
1786806
1786884
1787039
1787099
1787121
1787123
1787136
1787173
1787186
1787191
1787197
1787238
1787274
1787323
1787340
1787365
1787380
1787392
1787428
1787435
1787504
1787534
1787545
1787556
1787750
1787753
1787801
1787805
1787833
1787882
1787889
1787899
1787909
1787932
1787939
1787945
1787982
1787996
1788093
1788113
1788202
1788206
1788278
1788296
1788366
1788470
1788483
1788647
1788726
1788795
1788859
1788892
1788948
1789028
1789049
1789104
1789120
1789124
1789168
1789179
1789196
1789216
1789220
1789227
1789281
1789359
1789382
1789386
1789391
1789415
1789456
1789493
1789513
1789555
1789560
1789596
1789660
1789847
1789852
1789869
1789877
1789881
1789887
1789889
1789920
1789960
1789988
1790001
1790006
1790016
1790052
1790082
1790179
1790223
1790242
1790287
1790315
1790328
1790358
1790399
1790452
1790468
1790473
1790508
1790531
1790552
1790611
1790619
1790657
1790794
1790814
1790823
1791010
1791011
1791055
1791072
1791076
1791090
1791280
1791344
1791346
1791386
1791391
1791408
1791438
1791441
1791588
1791629
1791634
1791706
1791738
1791746
1791791
1791795
1791813
1791824
1791846
1791862
1791866
1791874
1791923
1791932
1791937
1791957
1791973
1791991
1792093
1792178
1792350
1792356
1792370
1792494
1792544
1792578
1792647
1792655
1792668
1792674
1792701
1792704
1792758
1792781
1792828
1792833
1792845
1792858
1792885
1792923
1792942
1792959
1792977
1792985
1793036
1793089
1793142
1793145
1793158
1793210
1793259
1793313
1793351
1793352
1793394
1793415
1793625
1793642
1793646
1793657
1793807
1793872
1793883
1793904
1793912
1793928
1793941
1793946
1793953
1794008
1794010
1794028
1794034
1794062
1794090
1794097
1794135
1794202
1794222
1794228
1794244
1794271
1794281
1794302
1794338
1794375
1794416
1794431
1794464
1794487
1794520
1794561
1794565
1794584
1794598
1794601
1794605
1794622
1794623
1794625
1794648
1794741
1794822
1794824
1794829
1794838
1794913
1794921
1794934
1794936
1795092
1795206
1795207
1795210
1795296
1795320
1795330
1795348
1795524
1795529
1795554
1795577
1795665
1795680
1795681
1795707
1795712
1795752
1795759
1795795
1795801
1795805
1795832
1795866
1795976
1795980
1796003
1796062
1796081
1796113
1796132
1796136
1796166
1796202
1796226
1796234
1796252
1796283
1796301
1796306
1796308
1796357
1796368
1796371
1796381
1796390
1796404
1796439
1796456
1796475
1796498
1796521
1796524
1796582
1796583
1796665
1796673
1796688
1796700
1796715
1796788
1796795
1796796
1796801
1796884
1796902
1796927
1796945
1796950
1796952
1796962
1796983
1797002
1797020
1797024
1797049
1797059
1797141
1797172
1797187
1797316
1797321
1797359
1797364
1797378
1797388
1797390
1797420
1797445
1797450
1797456
1797465
1797470
1797473
1797499
1797522
1797534
1797576
1797635
1797645
1797661
1797686
1797709
1797742
1797783
1797787
1797793
1797807
1797939
1797948
1797952
1797958
1797962
1797964
1797979
1798023
1798037
1798047
1798081
1798088
1798091
1798106
1798109
1798112
1798177
1798195
1798247
1798249
1798259
1798263
1798264
1798267
1798269
1798294
1798297
1798303
1798319
1798334
1798335
1798350
1798352
1798388
1798392
1798463
1798495
1798532
1798577
1798607
1798617
1798624
1798725
1798730
1798763
1798803
1798805
1798806
1798807
1798809
1798812
1798813
1798904
1798906
1798911
1798917
1798920
1798938
1798948
1798954
1799000
1799002
1799021
1799023
1799025
1799038
1799050
1799061
1799064
1799067
1799126
1799140
1799174
1799196
1799207
1799239
1799291
1799303
1799317
1799319
1799331
1799357
1799359
1799378
1799382
1799489
1799617
1799710
1799770
1799780
1799803
1799847
1799887
1799926
1800009
1800023
1800090
1800103
1800112
1800117
1800126
1800137
1800155
1800158
1800191
1800242
1800312
1800355
1800437
1800439
1800470
1800499
1800503
1800514
1800581
1800590
1800626
1800635
1800640
1800664
1800665
1800679
1800735
1800759
1800761
1800771
1800785
1800904
1800944
1800968
1801116
1801184
1801251
1801270
1801364
1801387
1801401
1801414
1801428
1801468
1801475
1801478
1801481
1801502
1801503
1801644
1801659
1801697
1801705
1801717
1801729
1801730
1801759
1801805
1801842
1801913
1801919
1801942
1802034
1802114
1802116
1802147
1802160
1802263
1802264
1802265
1802266
1802298
1802357
1802403
1802471
1802518
1802536
1802541
1802548
1802562
1802569
1802576
1802580
1802599
1802614
1802624
1802634
1802675
1802695
1802700
1802705
1802726
1802771
1802795
1802796
1802800
1802818
1802839
1802844
1802848
1802858
1802911
1802920
1802940
1803033
1803034
1803073
1803074
1803107
1803136
1803237
1803302
1803336
1803367
1803393
1803399
1803408
1803471
1803473
1803502
1803564
1803647
1803649
1803660
1803663
1803675
1803696
1803712
1803724
1803812
1803877
1803885
1803918
1803933
1803950
1804096
1804112
1804136
1804138
1804207
1804253
1804257
1804273
1804278
1804356
1804362
1804369
1804375
1804405
1804413
1804419
1804429
1804467
1804494
1804522
1804536
1804540
1804546
1804644
1804659
1804672
1804685
1804719
1804738
1804739
1804801
1804839
1804842
1804845
1804847
1804880
1804884
1804892
1805044
1805091
1805139
1805164
1805172
1805238
1805262
1805294
1805304
1805310
1805363
1805370
1805418
1805468
1805473
1805538
1805558
1805613
1805699
1805700
1805717
1805725
1805765
1805766
1805788
1805866
1805869
1805891
1805947
1805953
1805959
1805981
1806050
1806068
1806095
1806148
1806150
1806306
1806319
1806325
1806327
1806353
1806356
1806381
1806431
1806440
1806448
1806484
1806510
1806522
1806544
1806609
1806771
1806843
1806853
1806954
1807045
1807144
1807158
1807225
1807321
1807337
1807391
1807392
1807404
1807415
1807416
1807544
1807567
1807656
1807684
1807714
1807744
1807809
1807868
1807921
1807986
1808001
1808012
1808177
1808198
1808200
1808303
1808479
1808493
1808495
1808546
1808551
1808579
1808625
1808631
1808727
1808728
1808768
1808829
1808845
1808916
1808918
1808971
1809038
1809046
1809051
1809058
1809073
1809108
1809114
1809117
1809127
1809148
1809150
1809203
1809205
1809236
1809313
1809325
1809354
1809359
1809376
1809386
1809435
1809494
1809560
1809599
1809617
1809623
1809680
1809711
1809712
1809745
1809754
1809786
1809826
1809855
1809866
1809891
1809939
1809982
1810002
1810148
1810155
1810175
1810283
1810306
1810326
1810347
1810408
1810411
1810430
1810446
1810476
1810619
1810626
1810654
1810655
1810672
1810699
1810712
1810722
1810765
1810775
1810844
1810971
1810972
1810979
1811069
1811078
1811150
1811151
1811229
1811232
1811239
1811308
1811436
1811437
1811466
1811476
1811612
1811624
1811642
1811645
1811670
1811678
1811709
1811713
1811716
1811791
1811865
1811875
1811891
1811928
1811947
1811962
1812049
1812053
1812063
1812066
1812069
1812094
1812103
1812180
1812186
1812199
1812213
1812225
1812230
1812254
1812319
1812357
1812402
1812437
1812506
1812654
1812675
1812706
1812763
1812822
1812857
1812862
1812920
1812923
1812983
1812996
1813008
1813034
1813069
1813070
1813080
1813132
1813135
1813167
1813172
1813201
1813237
1813254
1813301
1813316
1813325
1813376
1813435
1813441
1813451
1813483
1813495
1813521
1813539
1813633
1813706
1813728
1813735
1813741
1813769
1813810
1813820
1813841
1813844
1813883
1813932
1813948
1813951
1813978
1814009
1814049
1814052
1814109
1814132
1814146
1814156
1814258
1814261
1814280
1814335
1814394
1814476
1814487
1814548
1814556
1814579
1814631
1814651
1814688
1814693
1814700
1814709
1814774
1814833
1814840
1814869
1814887
1814913
1814919
1814923
1814926
1814957
1815017
1815037
1815042
1815108
1815168
1815183
1815269
1815283
1815288
1815388
1815394
1815407
1815410
1815452
1815463
1815466
1815494
1815657
1815693
1815714
1815736
1815740
1815783
1815787
1815810
1815820
1815823
1815824
1815829
1815855
1815869
1815872
1815876
1815884
1815888
1815894
1815899
1815933
1816026
1816050
1816060
1816066
1816130
1816132
1816137
1816145
1816150
1816159
1816180
1816190
1816312
1816426
1816518
1816521
1816549
1816556
1816591
1816618
1816656
1816677
1816699
1816700
1816711
1816732
1816763
1816791
1816838
1816845
1816922
1816937
1816963
1816971
1817007
1817049
1817144
1817255
1817258
1817287
1817308
1817342
1817350
1817410
1817466
1817481
1817497
1817504
1817505
1817518
1817534
1817550
1817574
1817576
1817691
1817748
1817775
1817795
1817800
1817805
1817806
1817856
1817891
1817917
1817971
1818032
1818083
1818115
1818169
1818179
1818266
1818316
1818324
1818361
1818430
1818431
1818468
1818518
1818598
1818610
1818641
1818647
1818653
1818693
1818785
1818800
1818825
1818835
1818871
1818873
1818901
1818926
1818967
1818975
1818981
1818987
1819052
1819124
1819130
1819134
1819170
1819200
1819254
1819278
1819290
1819297
1819306
1819308
1819319
1819338
1819459
1819461
1819481
1819504
1819507
1819529
1819534
1819535
1819689
1819692
1819743
1819756
1819845
1819875
1819878
1820022
1820075
1820104
1820244
1820334
1820335
1820356
1820380
1820385
1820402
1820403
1820447
1820495
1820851
1820920
1820921
1820968
1820973
1820983
1821049
1821061
1821090
1821223
1821297
1821309
1821337
1821346
1821350
1821375
1821391
1821448
1821462
1821484
1821503
1821518
1821522
1821533
1821565
1821579
1821580
1821616
1821643
1821648
1821681
1821764
1821874
1821971
1822033
1822041
1822071
1822091
1822098
1822116
1822145
1822218
1822278
1822440
1822476
1822525
1822563
1822648
1822679
1822704
1822729
1822749
1822750
1822795
1822899
1822900
1822953
1822973
1823059
1823115
1823181
1823362
1823365
1823416
1823481
1823580
1823594
1823616
1823618
1823633
1823644
1823728
1823732
1823734
1823738
1823764
1823772
1823800
1823892
1823923
1824101
1824113
1824136
1824202
1824409
1824503
1824568
1824569
1824600
1824623
1824642
1824673
1824674
1824688
1824689
1824694
1824697
1824777
1824793
1824850
1824860
1824942
1824956
1824964
1824984
1825011
1825012
1825035
1825056
1825072
1825085
1825119
1825200
1825204
1825296
1825318
1825362
1825388
1825435
1825462
1825495
1825514
1825596
1825599
1825602
1825603
1825636
1825654
1825663
1825747
1825750
1825781
1825819
1825896
1825965
1825990
1826052
1826056
1826057
1826062
1826071
1826089
1826093
1826127
1826214
1826240
1826277
1826405
1826406
1826458
1826504
1826540
1826561
1826598
1826606
1826612
1826614
1826688
1826707
1826745
1826757
1826772
1826875
1826916
1826952
1826976
1826994
1827028
1827045
1827091
1827098
1827099
1827230
1827262
1827272
1827290
1827301
1827309
1827329
1827340
1827350
1827361
1827362
1827367
1827378
1827380
1827387
1827412
1827431
1827444
1827458
1827480
1827502
1827507
1827512
1827526
1827605
1827627
1827629
1827682
1827688
1827793
1827861
1827965
1827982
1827986
1828023
1828035
1828055
1828060
1828075
1828089
1828094
1828095
1828132
1828196
1828214
1828228
1828230
1828235
1828269
1828297
1828300
1828302
1828306
1828321
1828331
1828340
1828393
1828424
1828447
1828508
1828555
1828587
1828603
1828610
1828613
1828631
1828645
1828651
1828696
1828704
1828713
1828750
1828757
1828769
1828789
1828792
1828805
1828832
1828834
1828865
1828874
1828875
1828893
1828916
1828921
1828922
1828985
1828992
1828993
1829008
1829016
1829025
1829076
1829126
1829154
1829168
1829189
1829199
1829220
1829299
1829305
1829323
1829382
1829384
1829385
1829396
1829406
1829439
1829448
1829473
1829485
1829545
1829573
1829577
1829605
1829626
1829627
1829648
1829665
1829667
1829725
1829762
1829773
1829821
1829844
1829896
1829947
1829976
1830005
1830035
1830050
1830054
1830082
1830086
1830118
1830152
1830170
1830185
1830221
1830252
1830259
1830273
1830278
1830354
1830404
1830429
1830474
1830496
1830504
1830510
1830511
1830516
1830523
1830541
1830573
1830582
1830671
1830675
1830709
1830741
1830749
1830784
1830795
1830832
1830900
1830902
1831000
1831008
1831017
1831024
1831030
1831037
1831045
1831050
1831082
1831090
1831117
1831133
1831148
1831182
1831192
1831204
1831225
1831238
1831278
1831297
1831299
1831344
1831393
1831446
1831461
1831465
1831466
1831491
1831497
1831508
1831562
1831563
1831607
1831632
1831648
1831649
1831659
1831674
1831721
1831724
1831726
1831848
1831860
1831873
1831894
1831926
1831936
1831946
1831957
1831986
1831991
1831998
1832027
1832044
1832054
1832088
1832097
1832098
1832191
1832196
1832229
1832240
1832266
1832323
1832337
1832365
1832429
1832470
1832488
1832498
1832502
1832616
1832632
1832678
1832686
1832695
1832731
1832734
1832763
1832774
1832811
1832816
1832835
1832855
1832856
1832860
1832915
1832924
1832925
1832935
1832955
1832979
1833046
1833063
1833066
1833100
1833111
1833117
1833119
1833135
1833158
1833185
1833197
1833201
1833215
1833231
1833241
1833243
1833245
1833249
1833253
1833281
1833282
1833288
1833311
1833314
1833323
1833329
1833402
1833420
1833422
1833431
1833434
1833452
1833456
1833470
1833474
1833485
1833505
1833506
1833510
1833519
1833529
1833552
1833554
1833591
1833600
1833608
1833615
1833619
1833620
1833629
1833657
1833664
1833671
1834226
1834233
1834241
1834312
1834320
1834339
1834360
1834416
1834428
1834476
1834484
1834502
1834554
1834620
1834660
1834788
1834848
1834854
1834865
1834883
1834889
1834892
1834905
1834945
1834956
1834960
1834972
1834976
1834983
1835002
1835023
1835126
1835127
1835187
1835189
1835190
1835191
1835195
1835196
1835198
1835260
1835280
1835283
1835314
1835316
1835342
1835350
1835401
1835473
1835483
1835513
1835515
1835523
1835710
1835722
1835818
1835858
1835876
1835902
1836003
1836069
1836106
1836121
1836122
1836152
1836157
1836164
1836183
1836236
1836282
1836295
1836329
1836354
1836390
1836393
1836419
1836422
1836430
1836481
1836499
1836515
1836529
1836539
1836540
1836546
1836575
1836619
1836645
1836674
1836697
1836713
1836714
1836729
1836734
1836755
1836824
1836860
1836866
1836892
1836901
1836911
1836954
1836963
1837017
1837028
1837036
1837039
1837082
1837195
1837202
1837238
1837254
1837297
1837312
1837313
1837360
1837383
1837411
1837416
1837479
1837503
1837513
1837581
1837583
1837585
1837612
1837628
1837691
1837769
1837800
1837837
1837845
1837848
1837855
1837876
1837880
1837912
1837927
1837931
1837940
1837942
1837954
1837959
1837969
1837983
1837993
1838006
1838024
1838133
1838157
1838165
1838179
1838216
1838230
1838302
1838313
1838314
1838330
1838359
1838386
1838399
1838475
1838495
1838513
1838524
1838533
1838551
1838588
1838590
1838594
1838648
1838665
1838682
1838689
1838714
1838756
1838794
1838839
1838857
1838858
1838862
1839053
1839064
1839078
1839089
1839110
1839116
1839148
1839177
1839194
1839226
1839239
1839255
1839306
1839334
1839385
1839411
1839452
1839500
1839506
1839507
1839510
1839525
1839530
1839592
1839623
1839645
1839661
1839667
1839679
1839682
1839686
1839709
1839713
1839736
1839749
1839755
1839763
1839769
1839782
1839795
1839796
1839797
1839820
1839875
1839915
1839951
1839991
1840054
1840075
1840079
1840100
1840119
1840124
1840129
1840167
1840198
1840212
1840235
1840282
1840290
1840319
1840362
1840372
1840385
1840387
1840398
1840409
1840512
1840518
1840666
1840723
1840732
1840738
1840748
1840820
1840832
1840838
1840840
1840921
1840944
1840994
1841064
1841110
1841126
1841147
1841215
1841248
1841276
1841314
1841316
1841357
1841367
1841395
1841575
1841602
1841622
1841624
1841630
1841640
1841680
1841725
1841752
1841757
1841783
1841804
1841854
1841891
1842181
1842222
1842263
1842264
1842273
1842281
1842304
1842353
1842412
1842415
1842564
1842573
1842628
1842670
1842732
1842733
1842832
1842865
1843011
1843041
1843044
1843067
1843102
1843116
1843126
1843130
1843137
1843206
1843207
1843224
1843237
1843245
1843252
1843292
1843295
1843297
1843307
1843327
1843421
1843436
1843441
1843445
1843451
1843460
1843467
1843485
1843487
1843506
1843508
1843524
1843563
1843605
1843652
1843685
1843736
1843835
1843849
1844005
1844013
1844029
1844117
1844140
1844182
1844205
1844225
1844262
1844325
1844345
1844348
1844351
1844352
1844356
1844361
1844364
1844383
1844520
1844530
1844585
1844596
1844770
1844782
1844803
1844835
1844839
1844895
1844905
1844934
1844938
1844951
1845064
1845109
1845317
1845325
1845361
1845372
1845446
1845474
1845492
1845511
1845582
1845673
1845721
1845725
1845746
1845769
1845798
1845843
1845857
1845870
1845877
1845902
1845912
1845921
1845950
1845964
1846010
1846011
1846022
1846024
1846026
1846027
1846033
1846065
1846098
1846103
1846109
1846126
1846128
1846140
1846141
1846159
1846172
1846181
1846184
1846189
1846230
1846320
1846344
1846392
1846476
1846487
1846500
1846758
1846761
1846787
1846842
1846867
1846952
1846958
1847026
1847041
1847237
1847241
1847260
1847268
1847315
1847361
1847369
1847388
1847412
1847433
1847437
1847455
1847472
1847485
1847487
1847519
1847533
1847567
1847593
1847614
1847649
1847686
1847716
1847817
1847841
1847864
1847871
1847919
1848026
1848046
1848056
1848079
1848109
1848147
1848228
1848258
1848315
1848322
1848332
1848384
1848437
1848441
1848468
1848483
1848651
1848653
1848663
1848689
1848721
1848731
1848743
1848817
1848819
1848864
1848890
1848917
1848938
1848953
1849048
1849067
1849070
1849133
1849149
1849150
1849154
1849160
1849171
1849177
1849198
1849203
1849220
1849234
1849318
1849423
1849467
1849536
1849594
1849626
1849642
1849653
1849655
1849662
1849688
1849764
1849794
1849882
1849934
1849936
1849983
1849994
1849999
1850015
1850046
1850062
1850079
1850083
1850097
1850100
1850140
1850143
1850144
1850150
1850152
1850156
1850159
1850207
1850237
1850246
1850343
1850355
1850390
1850417
1850456
1850463
1850564
1850606
1850689
1850803
1850808
1850871
1851044
1851067
1851072
1851074
1851092
1851093
1851160
1851192
1851244
1851304
1851307
1851315
1851345
1851360
1851363
1851390
1851405
1851439
1851460
1851461
1851469
1851473
1851485
1851562
1851571
1851577
1851582
1851583
1851594
1851620
1851622
1851653
1851676
1851707
1851727
1851759
1851774
1851807
1851811
1851837
1851859
1851867
1851883
1851903
1851904
1851953
1851956
1851959
1851970
1852015
1852035
1852101
1852153
1852157
1852220
1852225
1852236
1852273
1852287
1852329
1852354
1852387
1852418
1852421
1852428
1852465
1852498
1852516
1852673
1852702
1852709
1852721
1852812
1852829
1852845
1852898
1852936
1852949
1853006
1853021
1853024
1853041
1853089
1853116
1853127
1853133
1853163
1853188
1853218
1853229
1853254
1853255
1853277
1853299
1853317
1853324
1853332
1853337
1853411
1853487
1853488
1853492
1853504
1853525
1853541
1853639
1853643
1853692
1853704
1853706
1853739
1853742
1853803
1853853
1853883
1853893
1853923
1853960
1853961
1853969
1854019
1854033
1854045
1854046
1854113
1854118
1854125
1854134
1854136
1854137
1854139
1854177
1854184
1854227
1854231
1854240
1854250
1854271
1854287
1854309
1854359
1854457
1854473
1854504
1854527
1854547
1854573
1854610
1854626
1854628
1854661
1854788
1854798
1854809
1854826
1854867
1854879
1854907
1854918
1854932
1854954
1855000
1855002
1855006
1855025
1855093
1855106
1855110
1855131
1855155
1855178
1855213
1855269
1855306
1855327
1855331
1855387
1855429
1855440
1855502
1855508
1855542
1855621
1855735
1855788
1855791
1855902
1855915
1855969
1856012
1856018
1856032
1856042
1856057
1856065
1856067
1856090
1856115
1856132
1856145
1856166
1856198
1856226
1856249
1856335
1856353
1856354
1856357
1856365
1856380
1856416
1856463
1856481
1856484
1856492
1856554
1856579
1856586
1856601
1856656
1856670
1856671
1856691
1856692
1856698
1856715
1856722
1856730
1856744
1856797
1856799
1856809
1856853
1856863
1856868
1856966
1856967
1856976
1857035
1857062
1857071
1857106
1857113
1857166
1857227
1857311
1857321
1857354
1857356
1857412
1857414
1857482
1857486
1857541
1857561
1857570
1857587
1857603
1857628
1857676
1857710
1857751
1857768
1857797
1857825
1857826
1857845
1857850
1857853
1857866
1857877
1857888
1857904
1857976
1857992
1858011
1858017
1858019
1858047
1858052
1858058
1858059
1858092
1858117
1858128
1858188
1858246
1858277
1858361
1858390
1858422
1858435
1858443
1858470
1858471
1858509
1858526
1858528
1858530
1858533
1858536
1858563
1858583
1858588
1858602
1858608
1858610
1858621
1858638
1858648
1858651
1858679
1858688
1858695
1858771
1858774
1858792
1858798
1858828
1858892
1858893
1858900
1858903
1858955
1858977
1858990
1859015
1859060
1859135
1859144
1859164
1859170
1859209
1859229
1859254
1859257
1859258
1859259
1859298
1859351
1859402
1859447
1859448
1859452
1859457
1859491
1859498
1859502
1859579
1859612
1859755
1859804
1859820
1859828
1859834
1859854
1859858
1859906
1859922
1859923
1859949
1859977
1860045
1860063
1860085
1860144
1860189
1860268
1860288
1860395
1860417
1860474
1860480
1860482
1860493
1860498
1860542
1860549
1860576
1860593
1860665
1860670
1860683
1860757
1860819
1860838
1860845
1860865
1860866
1860952
1860996
1861075
1861139
1861141
1861146
1861147
1861154
1861162
1861175
1861201
1861226
1861230
1861240
1861262
1861300
1861308
1861366
1861440
1861500
1861545
1861587
1861591
1861815
1861829
1861925
1862020
1862025
1862055
1862137
1862239
1862278
1862303
1862421
1862495
1862532
1862557
1862578
1862602
1862633
1862634
1862675
1862706
1862731
1862765
1862938
1862960
1862961
1862973
1862998
1863023
1863027
1863092
1863163
1863242
1863392
1863639
1863672
1863695
1863825
1863833
1863951
1864001
1864008
1864034
1864063
1864085
1864089
1864103
1864142
1864152
1864253
1864254
1864329
1864402
1864406
1864423
1864431
1864435
1864491
1864502
1864520
1864521
1864528
1864534
1864553
1864555
1864565
1864587
1864609
1864612
1864638
1864665
1864778
1864789
1864826
1864894
1864930
1864961
1864965
1864972
1865013
1865046
1865618
1865650
1865659
1865747
1865800
1865827
1865844
1865849
1865898
1865950
1865965
1866002
1866019
1866077
1866116
1866163
1866172
1866180
1866216
1866236
1866303
1866313
1866336
1866486
1866499
1866523
1866589
1866597
1866622
1866623
1866630
1866704
1866758
1866763
1866785
1866828
1866837
1866851
1866880
1866897
1866929
1866934
1866950
1866964
1866967
1867000
1867001
1867015
1867035
1867064
1867144
1867173
1867183
1867197
1867246
1867247
1867262
1867271
1867331
1867340
1867486
1867519
1867525
1867635
1867674
1867686
1867709
1867793
1867891
1867928
1868006
1868126
1868152
1868179
1868211
1868214
1868226
1868349
1868369
1868371
1868428
1868490
1868491
1868497
1868530
1868586
1868659
1868679
1868750
1868820
1868832
1868840
1868875
1868907
1868949
1868953
1868972
1868978
1869011
1869110
1869147
1869177
1869185
1869197
1869200
1869237
1869333
1869334
1869349
1869388
1869446
1869449
1869489
1869503
1869552
1869576
1869579
1869685
1869723
1869767
1869817
1869823
1869829
1869848
1869870
1869957
1869963
1869972
1869985
1870096
1870119
1870215
1870287
1870528
1870544
1870548
1870597
1870627
1870634
1870694
1870826
1870832
1870833
1870834
1870843
1870846
1870922
1870938
1871040
1871129
1871296
1871317
1871327
1871345
1871487
1871543
1871570
1871595
1871622
1871632
1871672
1871675
1871681
1871686
1871688
1871692
1871694
1871736
1871765
1871769
1871778
1871810
1871813
1871854
1871885
1871901
1871943
1871950
1871963
1872025
1872074
1872112
1872128
1872275
1872301
1872310
1872348
1872390
1872410
1872462
1872484
1872488
1872511
1872646
1872706
1872759
1872807
1872814
1872845
1872871
1872893
1872980
1873021
1873078
1873105
1873125
1873126
1873148
1873158
1873196
1873250
1873309
1873337
1873356
1873400
1873475
1873505
1873515
1873547
1873551
1873563
1873571
1873638
1873667
1873677
1873685
1873719
1873723
1873724
1873725
1873747
1873753
1873799
1873868
1873940
1873995
1874004
1874010
1874022
1874031
1874046
1874047
1874077
1874118
1874121
1874155
1874163
1874183
1874293
1874304
1874352
1874355
1874371
1874395
1874397
1874417
1874458
1874479
1874506
1874540
1874563
1874604
1874606
1874615
1874619
1874638
1874641
1874711
1874740
1874744
1874747
1874750
1874776
1874795
1874806
1874818
1874853
1874856
1874880
1874934
1874990
1875009
1875076
1875144
1875149
1875250
1875296
1875308
1875323
1875342
1875347
1875353
1875360
1875380
1875386
1875397
1875443
1875484
1875516
1875525
1875537
1875541
1875542
1875571
1875598
1875610
1875611
1875614
1875617
1875656
1875667
1875668
1875688
1875693
1875698
1875763
1875768
1875864
1875969
1876010
1876025
1876363
1876398
1876408
1876419
1876432
1876560
1876604
1876621
1876702
1876763
1876779
1876859
1876867
1876892
1876909
1876998
1877010
1877062
1877117
1877167
1877174
1877266
1877313
1877364
1877397
1877401
1877429
1877434
1877444
1877457
1877487
1877658
1877694
1877708
1877714
1877745
1877786
1877792
1877850
1877861
1877889
1878105
1878113
1878133
1878173
1878181
1878258
1878274
1878300
1878365
1878373
1878381
1878390
1878408
1878514
1878684
1878699
1878804
1878807
1878825
1878841
1878851
1878907
1878975
1878978
1879176
1879183
1879259
1879279
1879291
1879371
1879397
1879445
1879497
1879513
1879553
1879601
1879609
1879734
1879735
1879753
1879791
1879870
1879879
1879882
1879895
1879928
1879929
1879997
1880054
1880067
1880071
1880079
1880089
1880111
1880149
1880167
1880184
1880194
1880196
1880206
1880209
1880215
1880223
1880227
1880237
1880238
1880240
1880283
1880337
1880414
1880478
1880519
1880538
1880545
1880592
1880681
1880765
1880781
1880811
1880816
1880818
1880825
1880830
1880857
1880901
1880959
1881038
1881073
1881098
1881116
1881119
1881220
1881284
1881305
1881315
1881345
1881369
1881371
1881435
1881438
1881457
1881476
1881480
1881487
1881501
1881545
1881568
1881746
1881751
1881756
1881823
1881849
1881884
1881953
1881956
1882022
1882060
1882063
1882099
1882109
1882165
1882203
1882223
1882231
1882237
1882258
1882267
1882322
1882423
1882568
1882570
1882571
1882601
1882638
1882662
1882668
1882691
1882695
1882735
1882736
1882779
1882802
1882814
1882821
1882934
1882975
1883158
1883187
1883196
1883211
1883220
1883226
1883274
1883333
1883351
1883359
1883370
1883380
1883400
1883424
1883441
1883484
1883571
1883659
1883669
1883672
1883676
1883712
1883722
1883737
1883758
1883819
1883821
1883851
1883852
1883899
1883929
1883934
1883935
1883939
1883950
1883954
1884104
1884127
1884128
1884147
1884154
1884155
1884167
1884271
1884273
1884305
1884326
1884350
1884525
1884597
1884598
1884607
1884671
1884674
1884702
1884719
1884853
1884911
1884913
1884997
1885093
1885113
1885114
1885145
1885184
1885189
1885201
1885209
1885222
1885226
1885235
1885265
1885289
1885291
1885302
1885331
1885334
1885354
1885416
1885425
1885426
1885435
1885455
1885456
1885458
1885470
1885474
1885496
1885500
1885519
1885550
1885581
1885596
1885627
1885648
1885709
1885736
1885763
1885765
1885824
1885841
1885859
1885897
1885910
1885939
1885975
1885998
1886019
1886030
1886032
1886074
1886075
1886189
1886197
1886250
1886263
1886280
1886296
1886322
1886323
1886332
1886451
1886461
1886470
1886484
1886496
1886502
1886509
1886552
1886554
1886558
1886563
1886568
1886614
1886623
1886629
1886651
1886683
1886714
1886774
1886791
1886799
1886810
1886827
1886828
1886857
1886861
1886882
1886962
1887024
1887048
1887137
1887140
1887262
1887298
1887300
1887332
1887407
1887415
1887431
1887439
1887440
1887450
1887454
1887469
1887498
1887545
1887569
1887583
1887594
1887608
1887614
1887665
1887669
1887727
1887764
1887773
1887782
1887787
1887824
1887860
1887960
1887989
1888033
1888111
1888116
1888124
1888150
1888165
1888171
1888211
1888212
1888324
1888364
1888367
1888448
1888480
1888489
1888556
1888643
1888659
1888682
1888743
1888758
1888762
1888803
1888833
1888847
1888859
1888904
1888934
1888958
1888961
1888972
1889026
1889032
1889074
1889101
1889102
1889124
1889187
1889196
1889241
1889243
1889247
1889253
1889294
1889371
1889385
1889392
1889437
1889438
1889468
1889473
1889494
1889508
1889526
1889672
1889702
1889777
1889809
1889826
1889833
1889837
1889848
1889885
1889948
1889950
1889954
1889955
1889970
1889975
1889984
1890025
1890035
1890054
1890059
1890066
1890073
1890091
1890108
1890125
1890144
1890153
1890296
1890324
1890328
1890332
1890333
1890335
1890339
1890353
1890356
1890402
1890412
1890413
1890470
1890474
1890475
1890483
1890484
1890485
1890487
1890491
1890547
1890568
1890595
1890624
1890719
1890720
1890725
1890752
1890782
1890794
1890803
1890813
1890887
1890889
1890902
1890910
1890917
1890958
1890983
1891108
1891176
1891177
1891179
1891180
1891181
1891182
1891183
1891233
1891290
1891322
1891327
1891341
1891348
1891358
1891402
1891415
1891429
1891463
1891476
1891493
1891499
1891507
1891509
1891510
1891517
1891519
1891524
1891530
1891542
1891551
1891578
1891584
1891606
1891658
1891687
1891691
1891717
1891740
1891763
1891792
1891804
1891825
1891829
1891886
1891915
1891938
1891939
1891963
1891987
1891990
1891994
1892005
1892006
1892010
1892033
1892051
1892079
1892083
1892152
1892159
1892181
1892200
1892239
1892344
1892393
1892411
1892494
1892509
1892515
1892516
1892533
1892537
1892547
1892556
1892575
1892581
1892593
1892630
1892693
1892718
1892725
1892749
1892755
1892759
1892785
1892849
1892857
1892877
1892892
1892980
1893007
1893008
1893020
1893086
1893112
1893164
1893166
1893216
1893227
1893228
1893432
1893458
1893496
1893516
1893520
1893521
1893609
1893628
1893643
1893653
1893655
1893664
1893675
1893676
1893746
1893760
1893773
1893789
1893812
1893838
1893848
1893864
1893904
1893912
1893939
1893983
1893991
1894017
1894052
1894055
1894075
1894082
1894099
1894104
1894123
1894182
1894255
1894298
1894316
1894339
1894352
1894504
1894537
1894543
1894546
1894690
1894833
1894848
1894874
1894917
1894925
1894943
1895056
1895262
1895286
1895320
1895324
1895347
1895406
1895422
1895485
1895488
1895496
1895502
1895505
1895525
1895644
1895685
1895704
1895845
1895897
1895929
1896093
1896125
1896173
1896212
1896300
1896343
1896371
1896376
1896486
1896520
1896538
1896542
1896544
1896554
1896621
1896632
1896664
1896689
1896696
1896749
1896760
1896768
1896771
1896791
1896816
1896954
1896978
1896987
1897000
1897016
1897025
1897118
1897146
1897178
1897179
1897181
1897206
1897225
1897272
1897285
1897315
1897325
1897406
1897412
1897508
1897560
1897633
1897741
1897804
1897947
1897967
1897970
1898027
1898067
1898098
1898137
1898267
1898288
1898310
1898370
1898373
1898418
1898478
1898523
1898573
1898597
1898601
1898605
1898756
1898774
1898922
1898952
1898966
1898974
1898976
1898985
1898989
1899018
1899030
1899039
1899107
1899170
1899210
1899346
1899375
1899392
1899621
1899661
1899697
1899731
1899773
1899779
1899895
1899991
1899997
1900007
1900026
1900027
1900044
1900053
1900093
1900097
1900108
1900132
1900143
1900188
1900231
1900265
1900267
1900293
1900316
1900345
1900348
1900352
1900366
1900377
1900383
1900403
1900408
1900413
1900416
1900417
1900418
1900426
1900430
1900433
1900460
1900511
1900538
1900556
1900563
1900571
1900587
1900602
1900617
1900671
1900788
1900791
1900828
1900829
1900830
1900892
1900894
1900919
1900937
1900949
1900950
1900970
1900974
1900979
1900983
1900996
1901004
1901033
1901039
1901072
1901075
1901104
1901109
1901126
1901143
1901156
1901157
1901163
1901178
1901190
1901197
1901198
1901214
1901230
1901263
1901265
1901277
1901298
1901342
1901363
1901380
1901395
1901425
1901432
1901434
1901521
1901561
1901575
1901596
1901618
1901646
1901663
1901670
1901672
1901687
1901700
1901719
1901721
1901753
1901811
1901813
1901853
1901863
1901869
1901881
1901895
1901917
1901918
1901932
1901949
1901953
1901965
1901980
1901982
1901983
1901984
1901997
1902006
1902011
1902014
1902022
1902023
1902025
1902031
1902080
1902114
1902117
1902118
1902122
1902138
1902140
1902146
1902147
1902210
1902212
1902288
1902328
1902332
1902353
1902368
1902420
1902421
1902427
1902435
1902440
1902442
1902452
1902489
1902494
1902495
1902500
1902536
1902577
1902580
1902587
1902589
1902653
1902669
1902674
1902678
1902695
1902795
1902806
1902829
1902844
1902851
1902872
1902889
1902907
1902917
1902965
1902966
1903001
1903018
1903074
1903077
1903095
1903097
1903098
1903106
1903111
1903119
1903131
1903198
1903214
1903221
1903229
1903239
1903283
1903286
1903290
1903295
1903383
1903388
1903440
1903455
1903461
1903465
1903476
1903489
1903500
1903514
1903515
1903557
1903561
1903566
1903586
1903595
1903630
1903640
1903641
1903644
1903657
1903658
1903661
1903668
1903677
1903711
1903725
1903729
1903735
1903741
1903744
1903746
1903750
1903803
1903857
1903863
1903894
1903916
1903929
1904051
1904085
1904104
1904224
1904226
1904298
1904334
1904344
1904364
1904368
1904490
1904561
1904733
1904740
1904747
1904945
1904960
1904982
1905018
1905023
1905055
1905104
1905191
1905197
1905211
1905216
1905232
1905254
1905285
1905291
1905405
1905408
1905434
1905469
1905474
1905507
1905589
1905591
1905616
1905709
1905710
1905735
1905739
1905760
1905763
1905783
1905847
1905918
1905961
1905988
1905996
1906007
1906087
1906120
1906143
1906163
1906279
1906289
1906290
1906296
1906301
1906314
1906317
1906450
1906468
1906480
1906504
1906523
1906540
1906626
1906651
1906665
1906669
1906702
1906829
1906852
1906901
1907024
1907060
1907145
1907190
1907245
1907260
1907278
1907306
1907317
1907328
1907330
1907332
1907432
1907463
1907483
1907494
1907518
1907552
1907559
1907586
1907611
1907612
1907654
1907714
1907715
1907760
1907780
1907784
1907795
1907818
1907841
1907871
1907881
1907894
1907911
1907936
1907943
1907945
1907949
1907956
1907997
1908044
1908054
1908059
1908068
1908081
1908083
1908097
1908102
1908106
1908107
1908109
1908110
1908111
1908136
1908141
1908174
1908179
1908203
1908216
1908235
1908239
1908272
1908311
1908312
1908320
1908362
1908374
1908466
1908555
1908565
1908596
1908617
1908638
1908701
1908721
1908737
1908747
1908760
1908779
1908782
1908794
1908799
1908882
1908884
1908912
1908928
1908991
1909002
1909005
1909017
1909037
1909043
1909090
1909100
1909107
1909127
1909133
1909145
1909168
1909221
1909263
1909268
1909340
1909377
1909389
1909402
1909407
1909427
1909435
1909455
1909459
1909504
1909525
1909536
1909540
1909583
1909605
1909789
1909790
1909793
1909797
1909799
1909820
1909832
1909834
1909871
1910017
1910022
1910056
1910064
1910109
1910110
1910111
1910112
1910124
1910233
1910259
1910283
1910291
1910301
1910308
1910329
1910346
1910375
1910393
1910397
1910408
1910449
1910456
1910490
1910547
1910624
1910698
1910722
1910743
1910754
1910756
1910758
1910775
1910802
1910841
1910865
1910866
1910887
1910989
1911022
1911033
1911057
1911117
1911169
1911185
1911212
1911222
1911257
1911302
1911394
1911412
1911424
1911434
1911449
1911462
1911530
1911535
1911543
1911546
1911572
1911586
1911588
1911604
1911659
1911741
1911751
1911809
1911818
1911848
1911858
1911870
1911908
1911929
1911963
1911972
1911991
1912004
1912019
1912027
1912045
1912049
1912050
1912078
1912084
1912100
1912106
1912116
1912256
1912266
1912285
1912302
1912317
1912328
1912378
1912440
1912465
1912575
1912576
1912678
1912732
1912766
1912796
1912797
1912848
1912874
1912875
1912921
1912946
1912967
1912997
1913041
1913047
1913048
1913099
1913102
1913103
1913106
1913114
1913131
1913152
1913156
1913175
1913209
1913268
1913286
1913398
1913544
1913553
1913601
1913625
1913635
1913646
1913687
1913729
1913735
1913755
1913793
1913815
1913828
1913829
1913835
1913847
1913894
1913903
1913928
1913931
1914029
1914063
1914072
1914073
1914098
1914108
1914148
1914182
1914185
1914205
1914224
1914230
1914265
1914277
1914291
1914292
1914298
1914330
1914348
1914367
1914376
1914377
1914427
1914456
1914504
1914510
1914548
1914597
1914609
1914622
1914627
1914638
1914649
1914652
1914655
1914657
1914691
1914705
1914708
1914712
1914733
1914759
1914782
1914796
1914830
1914938
1914973
1914988
1915026
1915049
1915051
1915114
1915219
1915266
1915308
1915328
1915343
1915362
1915375
1915445
1915447
1915486
1915589
1915596
1915606
1915649
1915668
1915691
1915775
1915828
1915836
1915889
1915893
1915904
1915930
1915969
1915973
1915986
1916067
1916226
1916227
1916308
1916316
1916369
1916380
1916387
1916388
1916400
1916415
1916464
1916468
1916579
1916712
1916773
1916838
1916852
1916918
1917033
1917041
1917219
1917231
1917236
1917244
1917265
1917270
1917273
1917280
1917358
1917399
1917457
1917543
1917550
1917581
1917590
1917605
1917633
1917636
1917643
1917656
1917658
1917672
1917678
1917688
1917780
1917843
1917854
1917864
1917875
1917888
1917890
1917903
1917966
1918007
1918012
1918090
1918143
1918167
1918188
1918227
1918247
1918276
1918295
1918412
1918414
1918458
1918481
1918519
1918564
1918606
1918676
1918731
1918735
1918759
1918829
1918846
1918852
1918894
1918928
1918941
1918954
1918965
1918967
1919036
1919072
1919089
1919167
1919250
1919368
1919454
1919462
1919514
1919541
1919613
1919646
1919726
1919748
1919758
1919759
1919789
1919821
1919829
1919834
1919974
1920066
1920067
1920122
1920131
1920261
1920270
1920313
1920351
1920352
1920397
1920448
1920524
1920537
1920574
1920590
1920637
1920680
1920707
1920730
1920737
1920845
1920857
1920873
1920897
1920900
1920905
1920909
1920920
1920939
1920972
1921063
1921075
1921079
1921147
1921154
1921222
1921340
1921375
1921397
1921501
1921533
1921567
1921580
1921635
1921644
1921666
1921718
1921810
1921847
1921874
1921904
1921913
1921982
1922009
1922029
1922054
1922065
1922082
1922115
1922118
1922146
1922157
1922197
1922225
1922244
1922269
1922339
1922357
1922383
1922438
1922446
1922514
1922520
1922586
1922590
1922674
1922879
1922895
1922915
1922925
1922941
1922962
1922966
1922993
1923088
1923203
1923400
1923439
1923447
1923553
1923580
1923589
1923593
1923608
1923653
1923658
1923678
1923773
1923821
1923833
1923837
1923840
1923861
1923878
1923925
1923954
1923969
1923997
1924029
1924228
1924251
1924310
1924342
1924372
1924377
1924427
1924442
1924509
1924515
1924663
1924743
1924781
1924808
1924822
1924946
1924976
1924982
1925092
1925115
1925167
1925182
1925200
1925222
1925233
1925237
1925247
1925255
1925309
1925312
1925335
1925340
1925431
1925598
1925624
1925642
1925662
1925668
1925687
1925710
1925760
1925769
1925825
1925849
1925884
1925911
1925983
1926012
1926032
1926098
1926147
1926222
1926225
1926230
1926250
1926259
1926351
1926363
1926528
1926542
1926544
1926600
1926603
1926614
1926634
1926642
1926655
1926657
1926663
1926702
1926777
1926836
1926843
1926845
1926872
1926882
1926903
1926963
1926970
1926971
1927001
1927026
1927054
1927077
1927099
1927141
1927152
1927265
1927292
1927305
1927362
1927366
1927393
1927465
1927523
1927532
1927548
1927608
1927690
1927711
1927715
1927754
1927765
1927770
1927790
1927823
1927843
1927851
1927870
1927880
1927938
1927949
1928009
1928027
1928071
1928156
1928199
1928235
1928245
1928288
1928348
1928373
1928478
1928546
1928559
1928565
1928692
1928694
1928704
1928731
1928744
1928765
1928767
1928780
1928888
1928918
1928923
1928982
1928993
1928998
1929048
1929053
1929070
1929136
1929138
1929146
1929151
1929165
1929177
1929178
1929183
1929227
1929273
1929281
1929310
1929320
1929326
1929391
1929418
1929521
1929533
1929626
1929640
1929661
1929689
1929694
1929704
1929708
1929792
1929828
1929832
1929854
1929857
1929869
1929889
1929894
1929926
1929978
1930028
1930034
1930037
1930038
1930048
1930085
1930131
1930141
1930183
1930187
1930189
1930273
1930285
1930298
1930381
1930454
1930461
1930466
1930473
1930484
1930496
1930517
1930536
1930542
1930666
1930667
1930683
1930711
1930760
1930809
1930815
1930857
1930954
1930972
1931059
1931078
1931101
1931133
1931162
1931212
1931250
1931253
1931301
1931348
1931393
1931415
1931443
1931444
1931466
1931472
1931498
1931518
1931532
1931535
1931543
1931566
1931571
1931614
1931667
1931703
1931759
1931770
1931782
1931824
1931853
1931878
1931880
1931892
1931914
1931916
1931917
1931919
1931934
1931949
1931968
1931979
1932003
1932034
1932068
1932090
1932131
1932149
1932174
1932412
1932463
1932469
1932476
1932490
1932496
1932500
1932513
1932577
1932598
1932618
1932651
1932787
1932791
1932836
1932876
1932895
1932897
1932916
1932927
1932950
1932982
1933017
1933036
1933046
1933051
1933083
1933121
1933170
1933197
1933199
1933201
1933202
1933211
1933212
1933213
1933220
1933252
1933271
1933314
1933323
1933363
1933401
1933414
1933484
1933548
1933662
1933730
1933764
1933776
1933777
1933796
1933813
1933838
1933902
1933907
1933947
1934003
1934013
1934084
1934099
1934107
1934111
1934118
1934134
1934136
1934164
1934182
1934212
1934282
1934317
1934319
1934355
1934360
1934419
1934438
1934531
1934532
1934537
1934571
1934594
1934611
1934659
1934697
1934745
1934776
1934806
1934891
1934902
1934906
1934918
1934938
1934969
1934988
1935001
1935025
1935060
1935117
1935146
1935171
1935172
1935174
1935178
1935183
1935184
1935219
1935266
1935280
1935290
1935331
1935489
1935504
1935570
1935576
1935625
1935734
1935740
1935765
1935804
1935809
1935812
1935824
1935832
1935834
1935835
1935868
1935870
1935895
1935900
1935940
1935941
1935943
1935945
1935947
1935952
1935953
1935959
1936042
1936122
1936124
1936132
1936161
1936178
1936187
1936275
1936401
1936439
1936452
1936454
1936459
1936463
1936488
1936500
1936512
1936529
1936545
1936550
1936573
1936580
1936615
1936633
1936729
1936741
1936762
1936780
1936825
1936849
1936855
1936922
1936948
1936962
1936988
1937047
1937144
1937154
1937158
1937164
1937179
1937180
1937200
1937209
1937211
1937392
1937401
1937416
1937456
1937482
1937486
1937488
1937520
1937525
1937560
1937567
1937598
1937616
1937638
1937670
1937704
1937740
1937753
1937880
1937882
1937900
1937906
1937929
1937935
1937936
1937947
1937954
1938050
1938102
1938105
1938116
1938160
1938169
1938198
1938219
1938242
1938246
1938305
1938383
1938403
1938478
1938496
1938529
1938589
1938596
1938713
1938724
1938870
1938894
1938908
1938909
1939064
1939066
1939067
1939074
1939077
1939080
1939091
1939144
1939148
1939184
1939280
1939319
1939324
1939344
1939385
1939440
1939451
1939477
1939494
1939498
1939522
1939553
1939561
1939562
1939564
1939581
1939582
1939598
1939671
1939684
1939708
1939768
1939928
1939953
1939999
1940001
1940006
1940053
1940058
1940078
1940090
1940206
1940228
1940349
1940491
1940517
1940524
1940585
1940589
1940592
1940594
1940605
1940622
1940647
1940731
1940813
1940833
1940861
1940868
1940935
1941009
1941115
1941133
1941156
1941252
1941291
1941303
1941368
1941408
1941441
1941465
1941533
1941542
1941561
1941586
1941608
1941611
1941620
1941669
1941712
1941744
1941752
1941767
1941802
1941869
1941878
1941879
1941952
1941995
1942046
1942062
1942095
1942099
1942191
1942216
1942226
1942230
1942234
1942244
1942253
1942263
1942308
1942317
1942542
1942592
1942721
1943061
1943114
1943137
1943139
1943140
1943149
1943155
1943158
1943236
1943325
1943362
1943416
1943421
1943429
1943444
1943485
1943511
1943517
1943521
1943526
1943595
1943606
1943794
1943854
1943883
1943957
1943963
1944012
1944051
1944064
1944071
1944095
1944256
1944267
1944276
1944291
1944295
1944318
1944325
1944332
1944348
1944351
1944357
1944362
1944403
1944521
1944565
1944596
1944615
1944635
1944672
1944728
1944737
1944764
1944810
1944832
1944888
1944903
1944927
1944932
1944983
1944987
1945032
1945086
1945186
1945282
1945322
1945376
1945418
1945424
1945441
1945457
1945503
1945534
1945544
1945635
1945651
1945681
1945682
1945692
1945699
1945727
1945754
1945781
1945835
1945844
1945884
1945919
1945975
1946037
1946122
1946243
1946244
1946296
1946330
1946423
1946463
1946489
1946499
1946501
1946506
1946562
1946743
1946814
1946830
1946852
1946875
1947017
1947065
1947164
1947178
1947188
1947190
1947209
1947221
1947279
1947280
1947281
1947305
1947406
1947479
1947584
1947625
1947655
1947696
1947709
1947757
1947798
1947840
1947902
1947911
1947920
1947923
1947948
1947998
1948023
1948031
1948065
1948066
1948071
1948078
1948151
1948235
1948246
1948266
1948274
1948284
1948335
1948356
1948370
1948382
1948560
1948566
1948713
1948754
1948763
1948773
1948795
1948805
1948898
1948906
1948915
1948963
1948985
1948998
1949011
1949067
1949144
1949165
1949187
1949206
1949250
1949290
1949304
1949313
1949464
1949489
1949602
1949632
1949675
1949702
1949725
1949728
1949789
1949798
1949817
1949891
1949949
1949984
1950083
1950164
1950185
1950210
1950233
1950242
1950253
1950260
1950275
1950322
1950331
1950389
1950427
1950484
1950590
1950609
1950702
1950770
1950853
1950866
1950872
1950913
1950947
1950980
1950999
1951043
1951091
1951092
1951131
1951139
1951168
1951238
1951288
1951302
1951323
1951324
1951369
1951379
1951382
1951417
1951420
1951433
1951465
1951467
1951483
1951534
1951580
1951595
1951621
1951626
1951641
1951644
1951684
1951686
1951695
1951720
1951763
1951768
1951807
1951834
1951866
1951921
1951928
1951961
1951979
1951983
1951989
1952047
1952110
1952133
1952136
1952180
1952282
1952315
1952318
1952324
1952340
1952346
1952408
1952418
1952429
1952501
1952521
1952524
1952593
1952603
1952610
1952640
1952657
1952684
1952757
1952769
1952817
1952845
1952856
1952872
1952976
1952982
1953002
1953005
1953026
1953045
1953046
1953057
1953058
1953075
1953076
1953078
1953080
1953097
1953214
1953239
1953253
1953270
1953278
1953307
1953346
1953350
1953407
1953485
1953489
1953520
1953554
1953629
1953645
1953670
1953675
1953688
1953703
1953706
1953749
1953807
1953815
1953819
1953840
1953843
1953915
1953917
1953966
1953983
1954030
1954101
1954183
1954202
1954212
1954222
1954285
1954318
1954395
1954432
1954437
1954463
1954474
1954479
1954500
1954502
1954522
1954525
1954532
1954548
1954551
1954589
1954611
1954668
1954723
1954737
1954780
1954792
1954794
1954808
1954827
1954852
1954936
1954971
1955008
1955075
1955118
1955124
1955136
1955152
1955235
1955263
1955264
1955270
1955291
1955345
1955355
1955400
1955418
1955437
1955528
1955594
1955596
1955599
1955604
1955612
1955617
1955626
1955655
1955660
1955665
1955683
1955720
1955751
1955755
1955860
1955880
1955911
1955956
1955966
1955973
1956047
1956054
1956086
1956102
1956108
1956130
1956319
1956351
1956361
1956381
1956402
1956409
1956428
1956444
1956462
1956503
1956505
1956544
1956603
1956664
1956706
1956716
1956722
1956786
1956787
1956797
1956841
1956876
1956879
1956904
1956983
1957002
1957025
1957156
1957160
1957163
1957166
1957167
1957207
1957236
1957277
1957319
1957327
1957338
1957403
1957423
1957434
1957468
1957474
1957536
1957668
1957751
1957754
1957761
1957807
1957836
1957841
1957896
1957916
1957935
1957967
1957968
1957975
1957985
1958038
1958055
1958086
1958116
1958192
1958220
1958228
1958254
1958261
1958283
1958290
1958345
1958366
1958382
1958404
1958446
1958508
1958609
1958613
1958676
1958736
1958753
1958789
1958846
1958858
1958864
1958915
1958937
1958949
1959006
1959154
1959218
1959260
1959296
1959305
1959307
1959318
1959331
1959410
1959416
1959430
1959451
1959458
1959485
1959507
1959519
1959620
1959635
1959658
1959710
1959724
1959728
1959860
1959864
1959894
1959911
1959935
1959938
1959981
1959990
1960046
1960058
1960063
1960103
1960139
1960151
1960178
1960189
1960214
1960240
1960312
1960324
1960337
1960345
1960355
1960391
1960401
1960414
1960446
1960470
1960534
1960574
1960625
1960630
1960646
1960711
1960860
1961037
1961040
1961045
1961050
1961062
1961090
1961150
1961167
1961185
1961186
1961192
1961225
1961252
1961258
1961305
1961316
1961336
1961348
1961351
1961352
1961364
1961449
1961471
1961513
1961524
1961576
1961611
1961619
1961648
1961722
1961769
1961803
1961886
1961934
1961968
1962083
1962086
1962166
1962293
1962341
1962368
1962391
1962410
1962502
1962539
1962610
1962649
1962650
1962660
1962754
1962826
1962844
1962877
1963046
1963052
1963113
1963137
1963140
1963203
1963221
1963232
1963233
1963291
1963328
1963545
1963677
1963684
1963800
1963814
1963860
1963965
1964058
1964074
1964078
1964086
1964111
1964116
1964123
1964147
1964177
1964249
1964265
1964322
1964335
1964352
1964360
1964412
1964426
1964441
1964452
1964455
1964457
1964461
1964466
1964469
1964483
1964513
1964522
1964527
1964528
1964544
1964569
1964588
1964661
1964782
1964808
1964827
1964919
1964933
1964952
1965030
1965105
1965189
1965261
1965266
1965295
1965345
1965350
1965399
1965413
1965432
1965440
1965510
1965578
1965581
1965640
1965700
1965712
1965726
1965732
1965737
1965770
1965792
1965813
1965862
1965886
1965935
1966006
1966027
1966031
1966036
1966037
1966041
1966071
1966075
1966107
1966157
1966166
1966191
1966283
1966286
1966302
1966324
1966357
1966386
1966390
1966411
1966423
1966520
1966533
1966536
1966549
1966554
1966577
1966578
1966612
1966627
1966672
1966677
1966750
1966761
1966765
1966857
1966892
1966905
1966917
1966951
1967013
1967071
1967080
1967093
1967100
1967121
1967163
1967272
1967279
1967294
1967296
1967312
1967320
1967332
1967435
1967472
1967474
1967510
1967534
1967562
1967593
1967710
1967711
1967751
1967851
1967901
1967915
1967936
1967950
1967963
1967985
1967995
1968025
1968070
1968109
1968132
1968176
1968255
1968363
1968562
1968564
1968583
1968681
1968697
1968728
1968800
1968825
1968888
1969057
1969064
1969124
1969137
1969205
1969239
1969266
1969469
1969559
1969619
1969625
1969627
1969686
1969863
1969866
1969897
1969917
1969928
1969952
1969994
1970003
1970019
1970023
1970057
1970075
1970093
1970125
1970129
1970133
1970224
1970232
1970236
1970259
1970290
1970331
1970342
1970367
1970431
1970543
1970660
1970706
1970740
1970756
1970804
1970823
1970832
1970923
1970983
1971005
1971010
1971019
1971051
1971158
1971181
1971203
1971256
1971262
1971379
1971459
1971608
1971614
1971630
1971677
1971757
1971839
1972039
1972044
1972064
1972120
1972142
1972152
1972192
1972211
1972253
1972326
1972336
1972338
1972339
1972414
1972420
1972421
1972431
1972474
1972554
1972585
1972591
1972596
1972597
1972647
1972651
1972668
1972689
1972693
1972700
1972716
1972776
1972779
1972791
1972796
1972823
1972871
1972921
1973067
1973121
1973203
1973246
1973262
1973264
1973280
1973316
1973319
1973364
1973397
1973468
1973483
1973569
1973627
1973657
1973719
1973766
1973880
1973900
1974015
1974044
1974049
1974078
1974099
1974184
1974189
1974197
1974340
1974381
1974391
1974434
1974479
1974568
1974630
1974690
1974701
1974708
1974716
1974742
1974766
1974775
1974812
1974912
1974918
1974927
1974944
1974970
1974983
1974986
1975008
1975041
1975046
1975051
1975061
1975063
1975169
1975179
1975204
1975210
1975225
1975227
1975230
1975234
1975240
1975252
1975253
1975259
1975292
1975314
1975340
1975363
1975364
1975377
1975380
1975382
1975383
1975389
1975391
1975447
1975448
1975449
1975523
1975574
1975592
1975605
1975609
1975612
1975614
1975619
1975722
1975780
1975798
1975804
1975805
1975807
1975833
1975834
1975843
1975866
1975874
1975891
1975903
1975943
1975950
1975954
1976008
1976022
1976089
1976107
1976175
1976193
1976205
1976212
1976279
1976339
1976352
1976384
1976429
1976472
1976526
1976587
1976629
1976654
1976698
1976699
1976713
1976742
1976756
1976803
1976843
1976866
1977058
1977064
1977065
1977134
1977137
1977183
1977197
1977221
1977257
1977382
1977444
1977473
1977512
1977533
1977543
1977552
1977575
1977594
1977683
1977753
1977767
1977781
1977825
1977844
1977874
1977877
1977917
1977929
1977965
1978043
1978111
1978166
1978189
1978227
1978232
1978282
1978312
1978359
1978512
1978546
1978564
1978569
1978655
1978676
1978680
1978682
1978718
1978743
1978747
1978786
1978790
1978795
1978804
1978859
1978898
1978901
1979024
1979098
1979178
1979207
1979215
1979364
1979423
1979427
1979482
1979544
1979545
1979550
1979571
1979574
1979602
1979621
1979636
1979651
1979696
1979721
1979744
1979766
1979809
1980065
1980086
1980090
1980113
1980123
1980170
1980210
1980343
1980460
1980478
1980555
1980565
1980674
1980711
1980837
1980880
1980915
1980922
1980960
1981000
1981019
1981038
1981041
1981085
1981087
1981090
1981110
1981124
1981169
1981188
1981219
1981328
1981339
1981353
1981358
1981373
1981383
1981410
1981432
1981480
1981491
1981530
1981613
1981616
1981651
1981794
1981828
1981860
1981906
1981914
1981922
1981965
1982004
1982081
1982335
1982411
1982474
1982480
1982481
1982545
1982563
1982568
1982579
1982589
1982590
1982602
1982604
1982617
1982786
1982833
1982870
1982899
1982968
1983020
1983021
1983216
1983220
1983233
1983235
1983357
1983406
1983533
1983562
1983577
1983598
1983678
1983709
1983735
1983786
1983902
1983903
1983937
1983943
1983952
1983980
1983993
1983995
1984004
1984156
1984192
1984207
1984269
1984295
1984412
1984543
1984655
1984666
1984669
1984682
1984694
1984738
1984746
1984763
1984779
1984811
1984834
1984867
1984878
1985005
1985017
1985022
1985038
1985042
1985071
1985080
1985090
1985110
1985127
1985136
1985187
1985221
1985302
1985324
1985326
1985350
1985428
1985468
1985481
1985527
1985558
1985575
1985583
1985613
1985666
1985670
1985691
1985714
1985774
1985800
1985820
1985827
1985840
1985846
1985871
1985912
1985928
1985937
1986025
1986034
1986035
1986043
1986065
1986074
1986079
1986155
1986171
1986194
1986202
1986220
1986244
1986284
1986373
1986389
1986427
1986454
1986463
1986514
1986618
1986680
1986746
1986793
1986812
1986818
1986820
1986823
1986844
1986861
1986891
1986913
1986999
1987203
1987208
1987212
1987250
1987257
1987326
1987367
1987409
1987503
1987506
1987533
1987553
1987574
1987575
1987619
1987678
1987680
1987682
1987683
1987695
1987835
1987859
1987986
1988061
1988146
1988174
1988182
1988214
1988229
1988409
1988426
1988515
1988543
1988551
1988609
1988629
1988674
1988711
1988721
1988729
1988838
1988920
1988966
1988979
1989009
1989101
1989140
1989153
1989228
1989243
1989251
1989288
1989330
1989433
1989445
1989459
1989527
1989538
1989620
1989628
1989629
1989648
1989728
1989777
1989787
1989821
1989830
1989843
1989852
1989854
1989918
1989927
1989939
1989965
1989989
1990042
1990064
1990098
1990132
1990150
1990186
1990209
1990235
1990255
1990267
1990278
1990286
1990385
1990390
1990399
1990428
1990570
1990629
1990748
1990792
1990842
1990884
1991035
1991047
1991063
1991065
1991133
1991265
1991281
1991307
1991310
1991316
1991409
1991436
1991599
1991605
1991614
1991615
1991701
1991718
1991786
1991787
1991789
1991795
1991884
1991930
1991933
1991948
1991957
1991970
1991971
1991994
1992012
1992018
1992049
1992050
1992085
1992130
1992165
1992185
1992192
1992257
1992264
1992346
1992390
1992419
1992427
1992431
1992625
1992647
1992697
1992750
1992794
1992838
1992844
1992863
1992877
1992909
1992966
1992969
1993029
1993070
1993077
1993088
1993127
1993174
1993221
1993245
1993300
1993305
1993316
1993350
1993357
1993459
1993538
1993611
1993639
1993678
1993716
1993742
1993743
1993868
1993877
1993904
1994034
1994256
1994377
1994486
1994500
1994536
1994543
1994544
1994628
1994711
1994878
1994998
1995004
1995128
1995255
1995267
1995279
1995444
1995515
1995549
1995569
1995624
1995648
1995652
1995657
1995667
1995708
1995738
1995795
1995807
1995826
1995853
1995873
1995876
1995909
1995915
1995938
1995941
1995978
1996017
1996031
1996043
1996064
1996071
1996084
1996189
1996232
1996253
1996351
1996407
1996461
1996491
1996494
1996544
1996663
1996666
1996794
1996801
1996936
1996990
1997083
1997088
1997142
1997160
1997203
1997258
1997312
1997427
1997438
1997496
1997540
1997560
1997573
1997610
1997616
1997629
1997671
1997715
1997720
1997736
1997757
1997801
1997822
1997843
1997871
1997904
1997934
1998026
1998099
1998121
1998143
1998155
1998180
1998185
1998192
1998224
1998283
1998305
1998324
1998336
1998339
1998440
1998448
1998471
1998490
1998527
1998534
1998567
1998619
1998651
1998695
1998739
1998752
1998772
1998794
1998820
1998866
1998981
1998990
1998991
1999046
1999297
1999305
1999329
1999369
1999372
1999381
1999437
1999547
1999565
1999732
1999750
1999770
1999797
1999832
1999858
1999904
1999941
1999960
2000029
2000132
2000155
2000160
2000179
2000253
2000301
2000313
2000392
2000427
2000429
2000436
2000437
2000451
2000455
2000459
2000470
2000635
2000731
2000759
2000761
2000797
2000803
2000845
2001025
2001052
2001055
2001103
2001117
2001118
2001160
2001161
2001192
2001260
2001266
2001277
2001399
2001402
2001418
2001422
2001460
2001506
2001517
2001528
2001546
2001547
2001624
2001818
2001819
2001842
2002047
2002082
2002168
2002193
2002201
2002257
2002278
2002357
2002362
2002410
2002435
2002497
2002580
2002646
2002690
2002716
2002789
2002904
2002918
2002967
2003029
2003108
2003185
2003187
2003222
2003267
2003314
2003358
2003366
2003383
2003407
2003477
2003504
2003551
2003553
2003562
2003621
2003669
2003717
2003754
2003759
2003791
2003824
2003876
2003939
2003956
2004103
2004104
2004111
2004139
2004148
2004168
2004182
2004183
2004189
2004192
2004269
2004313
2004334
2004345
2004473
2004488
2004492
2004518
2004553
2004608
2004609
2004642
2004659
2004757
2004769
2004779
2004898
2004965
2004969
2005023
2005029
2005051
2005128
2005184
2005226
2005369
2005389
2005398
2005403
2005452
2005474
2005486
2005496
2005502
2005636
2005723
2005768
2005971
2006065
2006106
2006112
2006137
2006163
2006263
2006268
2006286
2006365
2006550
2006584
2006858
2006991
2007088
2007093
2007156
2007158
2007330
2007353
2007374
2007382
2007383
2007451
2007452
2007625
2007659
2007663
2007730
2007877
2007891
2007900
2007916
2007933
2007940
2007956
2008018
2008021
2008091
2008124
2008191
2008244
2008256
2008317
2008327
2008351
2008496
2008543
2008599
2008641
2008678
2008700
2008706
2008714
2008852
2008865
2008867
2008957
2009089
2009137
2009186
2009187
2009234
2009251
2009270
2009325
2009337
2009378
2009425
2009455
2009493
2009742
2009749
2009750
2009803
2009967
2010045
2010105
2010244
2010416
2010449
2010556
2010564
2010584
2010600
2010688
2010757
2010947
2010962
2011019
2011060
2011085
2011116
2011231
2011263
2011308
2011357
2011382
2011406
2011428
2011434
2011439
2011443
2011525
2011563
2011600
2011612
2011639
2011741
2011750
2011792
2011803
2011866
2011938
2011959
2011983
2012061
2012067
2012106
2012116
2012226
2012456
2012480
2012576
2012588
2012601
2012620
2012632
2012700
2012800
2012809
2013002
2013042
2013080
2013105
2013115
2013131
2013145
2013148
2013151
2013169
2013284
2013330
2013339
2013367
2013401
2013578
2013694
2013712
2013726
2013788
2013813
2013814
2013843
2013852
2013977
2014038
2014047
2014115
2014116
2014286
2014372
2014464
2014491
2014646
2014681
2014716
2014759
2014870
2014971
2014998
2015020
2015054
2015055
2015143
2015164
2015212
2015238
2015261
2015385
2015389
2015396
2015410
2015413
2015421
2015469
2015500
2015515
2015527
2015666
2015672
2015704
2015728
2015834
2015898
2015921
2015945
2015976
2015996
2016105
2016130
2016136
2016194
2016259
2016302
2016318
2016598
2016661
2016669
2016832
2016842
2016883
2016900
2016904
2016963
2016966
2016995
2016999
2017003
2017006
2017062
2017078
2017087
2017089
2017145
2017228
2017244
2017402
2017425
2017427
2017456
2017478
2017499
2017515
2017544
2017573
2017623
2017648
2017675
2017759
2017854
2017900
2018140
2018200
2018318
2018326
2018396
2018446
2018473
2018484
2018514
2018516
2018535
2018565
2018568
2018593
2018600
2018645
2018676
2018745
2018773
2018866
2018896
2018903
2018910
2018914
2019003
2019006
2019069
2019070
2019174
2019194
2019255
2019432
2019463
2019472
2019476
2019484
2019500
2019501
2019504
2019523
2019542
2019590
2019591
2019674
2019763
2019851
2019943
2019956
2020013
2020142
2020205
2020241
2020255
2020274
2020506
2020519
2020526
2020528
2020641
2020735
2020762
2020901
2020960
2020976
2020981
2020992
2021033
2021128
2021145
2021201
2021236
2021302
2021306
2021307
2021308
2021347
2021460
2021469
2021496
2021539
2021565
2021688
2021695
2021720
2021846
2021847
2021874
2021922
2022052
2022155
2022368
2022408
2022536
2022678
2022746
2022785
2022790
2022797
2022802
2022846
2022856
2022898
2022942
2022960
2022996
2023046
2023059
2023106
2023165
2023275
2023391
2023438
2023529
2023540
2023586
2023716
2023748
2023844
2023941
2023997
2024030
2024078
2024197
2024271
2024313
2024493
2024535
2024540
2024543
2024662
2024688
2024695
2024734
2024781
2024782
2024793
2024868
2024977
2024997
2025027
2025030
2025036
2025055
2025078
2025173
2025182
2025189
2025237
2025298
2025351
2025381
2025390
2025411
2025446
2025532
2025593
2025639
2025679
2025689
2025781
2025797
2025802
2025809
2025821
2025856
2025924
2025966
2025997
2026128
2026188
2026328
2026408
2026429
2026455
2026473
2026513
2026600
2026601
2026627
2026732
2026782
2026794
2026888
2026924
2026966
2027169
2027218
2027270
2027318
2027436
2027443
2027468
2027520
2027530
2027549
2027583
2027600
2027657
2027660
2027691
2027702
2027738
2027804
2027851
2028009
2028067
2028131
2028167
2028196
2028234
2028263
2028284
2028457
2028542
2028551
2028552
2028553
2028574
2028587
2028592
2028633
2028714
2028724
2028767
2028787
2028788
2028789
2028790
2028791
2028793
2028925
2028939
2028975
2029045
2029140
2029167
2029236
2029327
2029332
2029426
2029454
2029455
2029539
2029547
2029652
2029657
2029668
2029674
2029704
2029708
2029727
2029741
2029761
2029776
2029784
2029803
2029908
2029917
2029918
2029981
2030014
2030255
2030268
2030286
2030287
2030323
2030352
2030434
2030610
2030639
2030679
2030718
2030736
2030743
2030790
2030807
2030867
2030871
2030884
2030893
2031054
2031123
2031142
2031147
2031157
2031158
2031253
2031274
2031285
2031326
2031332
2031434
2031444
2031449
2031456
2031459
2031485
2031581
2031595
2031603
2031617
2031673
2031695
2031873
2031884
2031894
2032197
2032291
2032326
2032352
2032451
2032489
2032566
2032631
2032713
2032714
2032828
2032844
2032849
2032862
2032863
2032882
2032900
2032910
2033006
2033021
2033029
2033043
2033058
2033062
2033121
2033126
2033142
2033274
2033457
2033488
2033509
2033598
2033599
2033613
2033671
2033733
2033739
2033766
2033920
2033941
2034004
2034007
2034114
2034122
2034133
2034155
2034169
2034184
2034233
2034251
2034285
2034290
2034298
2034322
2034335
2034346
2034355
2034420
2034430
2034435
2034446
2034447
2034468
2034470
2034482
2034486
2034515
2034564
2034628
2034672
2034686
2034694
2034738
2034768
2034780
2034784
2034801
2034829
2034836
2034856
2034868
2034877
2034879
2034908
2034980
2034983
2035010
2035024
2035025
2035028
2035046
2035174
2035211
2035249
2035251
2035256
2035261
2035265
2035287
2035315
2035321
2035363
2035482
2035496
2035508
2035521
2035571
2035606
2035619
2035822
2035852
2035859
2035880
2035929
2035935
2036056
2036155
2036162
2036208
2036226
2036351
2036362
2036378
2036394
2036433
2036437
2036447
2036454
2036477
2036481
2036505
2036580
2036595
2036596
2036607
2036625
2036626
2036646
2036655
2036724
2036736
2036767
2036778
2036800
2036805
2036812
2036838
2036934
2036975
2037019
2037047
2037156
2037166
2037170
2037214
2037255
2037449
2037481
2037620
2037697
2037851
2037967
2038027
2038031
2038121
2038199
2038409
2038447
2038466
2038474
2038566
2038572
2038594
2038632
2038674
2038687
2038720
2038721
2038807
2038840
2038890
2038909
2038935
2038939
2038959
2038968
2039089
2039106
2039113
2039116
2039125
2039180
2039183
2039184
2039276
2039295
2039306
2039371
2039388
2039395
2039492
2039620
2039633
2039658
2039694
2039738
2039812
2039830
2039905
2039962
2039995
2040031
2040032
2040085
2040104
2040292
2040325
2040349
2040532
2040580
2040615
2040622
2040721
2040758
2040769
2040772
2040847
2040927
2040937
2040953
2041006
2041020
2041132
2041135
2041284
2041298
2041351
2041444
2041454
2041462
2041685
2041711
2041748
2041759
2041835
2041843
2041853
2041946
2041959
2041982
2041988
2042049
2042096
2042100
2042121
2042146
2042271
2042307
2042324
2042325
2042329
2042352
2042439
2042545
2042647
2042683
2042800
2042814
2042843
2042854
2042904
2042907
2042921
2042946
2042972
2042976
2043001
2043002
2043061
2043090
2043145
2043157
2043166
2043170
2043181
2043189
2043190
2043198
2043300
2043356
2043370
2043448
2043565
2043605
2043793
2043820
2043830
2043915
2043947
2043972
2044096
2044125
2044137
2044242
2044302
2044454
2044524
2044622
2044641
2044663
2044738
2044798
2044817
2044854
2044909
2044963
2045036
2045094
2045183
2045220
2045336
2045357
2045402
2045519
2045532
2045562
2045566
2045590
2045598
2045643
2045655
2045699
2045727
2045748
2045751
2045766
2045888
2045945
2046001
2046052
2046317
2046344
2046446
2046486
2046511
2046517
2046536
2046600
2046643
2046670
2046671
2046676
2046758
2046763
2046788
2046852
2046854
2046928
2046933
2046953
2046972
2046988
2047018
2047020
2047034
2047073
2047075
2047081
2047088
2047107
2047121
2047134
2047155
2047182
2047186
2047187
2047189
2047217
2047282
2047342
2047346
2047371
2047456
2047574
2047611
2047630
2047673
2047739
2047758
2047800
2047899
2047901
2047927
2047991
2048011
2048030
2048147
2048199
2048217
2048259
2048364
2048369
2048382
2048391
2048394
2048428
2048434
2048436
2048443
2048447
2048520
2048566
2048571
2048630
2048648
2048672
2048878
2048927
2048933
2049009
2049111
2049194
2049322
2049327
2049347
2049452
2049494
2049552
2049582
2049625
2049698
2049702
2049840
2049885
2049887
2050015
2050049
2050051
2050080
2050089
2050119
2050130
2050202
2050206
2050221
2050234
2050289
2050312
2050325
2050327
2050345
2050360
2050426
2050455
2050462
2050481
2050489
2050491
2050513
2050550
2050556
2050671
2050686
2050774
2050798
2050905
2051004
2051020
2051110
2051168
2051179
2051206
2051228
2051237
2051402
2051419
2051458
2051539
2051543
2051594
2051748
2051765
2051843
2051901
2051941
2051943
2052064
2052069
2052135
2052167
2052214
2052227
2052239
2052242
2052246
2052361
2052417
2052489
2052518
2052570
2052608
2052628
2052751
2052800
2052885
2052988
2052998
2053000
2053002
2053022
2053033
2053045
2053195
2053202
2053302
2053304
2053611
2053751
2053839
2053901
2054041
2054062
2054068
2054072
2054179
2054245
2054249
2054253
2054283
2054288
2054363
2054387
2054425
2054520
2054574
2054596
2054665
2054791
2054924
2055017
2055036
2055041
2055142
2055151
2055231
2055233
2055238
2055241
2055282
2055348
2055362
2055370
2055425
2055467
2055636
2055641
2055648
2055662
2055800
2055964
2056033
2056054
2056074
2056077
2056079
2056122
2056294
2056448
2056819
2056876
2056894
2056925
2056926
2056927
2056928
2056929
2056930
2056931
2056933
2056934
2056935
2056937
2056939
2056951
2057008
2057046
2057069
2057100
2057115
2057214
2057336
2057556
2057712
2057768
2057776
2057827
2057870
2057925
2057979
2058102
2058128
2058184
2058204
2058205
2058210
2058464
2058551
2058560
2058622
2058790
2058843
2058876
2058878
2058894
2058900
2058956
2058997
2059004
2059018
2059028
2059059
2059077
2059149
2059183
2059201
2059234
2059263
2059372
2059378
2059388
2059463
2059569
2059577
2059605
2059617
2059672
2059684
2059691
2059776
2059787
2059797
2059822
2059830
2059838
2059886
2059916
2060094
2060110
2060179
2060190
2060230
2060260
2060348
2060730
2060751
2060761
2060763
2060789
2060816
2060869
2060906
2061168
2061310
2061439
2061448
2061449
2061459
2061465
2061478
2061573
2061651
2061769
2061788
2061807
2061843
2061844
2061864
2061959
2061970
2061973
2062021
2062107
2062207
2062411
2062419
2062543
2062557
2062610
2062613
2062693
2062865
2063316
2063435
2063463
2063940
2063949
2064051
2064053
2064085
2064200
2064265
2064347
2064367
2064416
2064567
2064589
2064625
2064646
2064655
2064736
2064758
2064809
2064822
2064827
2064848
2064885
2064899
2064912
2064914
2064939
2065007
2065266
2065369
2065438
2065583
2065588
2065683
2065687
2065795
2065807
2065808
2065848
2065956
2066063
2066065
2066153
2066265
2066280
2066366
2066409
2066530
2066611
2066661
2066673
2066679
2066709
2066782
2066828
2066895
2066903
2066920
2066954
2066998
2067026
2067087
2067113
2067119
2067126
2067129
2067177
2067204
2067238
2067270
2067281
2067326
2067442
2067455
2067516
2067517
2067521
2067651
2067708
2067768
2067774
2067901
2068043
2068050
2068095
2068106
2068112
2068116
2068137
2068156
2068166
2068178
2068240
2068256
2068354
2068380
2068404
2068416
2068442
2068466
2068523
2068573
2068575
2068594
2068638
2068666
2068693
2068887
2068891
2068907
2068919
2068921
2068926
2068929
2068982
2068994
2068997
2069000
2069010
2069020
2069025
2069027
2069043
2069134
2069256
2069308
2069318
2069357
2069426
2069474
2069494
2069572
2069595
2069612
2069677
2069723
2069742
2069745
2069789
2069808
2069858
2069863
2069936
2070107
2070116
2070171
2070292
2070354
2070405
2070470
2070476
2070572
2070574
2070608
2070713
2070776
2070779
2070818
2070972
2071032
2071054
2071163
2071184
2071230
2071234
2071235
2071292
2071373
2071395
2071497
2071515
2071719
2071763
2071832
2071844
2071957
2071981
2072017
2072023
2072027
2072103
2072114
2072130
2072132
2072143
2072154
2072155
2072196
2072279
2072328
2072458
2072784
2072788
2072794
2072864
2072994
2073045
2073063
2073067
2073170
2073175
2073264
2073303
2073351
2073359
2073448
2073466
2073478
2073556
2073589
2073601
2073613
2073673
2073740
2073768
2073776
2073801
2073907
2074036
2074084
2074093
2074154
2074166
2074167
2074193
2074217
2074323
2074328
2074331
2074346
2074371
2074423
2074438
2074460
2074481
2074491
2074583
2074875
2074981
2075049
2075050
2075093
2075109
2075190
2075199
2075212
2075234
2075270
2075380
2075407
2075408
2075427
2075452
2075513
2075685
2075692
2075701
2075759
2075808
2075815
2075839
2075997
2076063
2076169
2076216
2076298
2076330
2076352
2076376
2076398
2076432
2076486
2076546
2076555
2076559
2076628
2076630
2076725
2076734
2076814
2076830
2076863
2076871
2076881
2077234
2077253
2077289
2077362
2077393
2077395
2077437
2077725
2077744
2077947
2077980
2078002
2078041
2078095
2078166
2078205
2078230
2078295
2078427
2078655
2078661
2078713
2078736
2078742
2078750
2078851
2078883
2078898
2078903
2078920
2078939
2078944
2078950
2078984
2079025
2079027
2079042
2079111
2079159
2079177
2079261
2079425
2079609
2079616
2079638
2079731
2080048
2080097
2080126
2080172
2080193
2080266
2080324
2080441
2080460
2080535
2080551
2080616
2080687
2080729
2080753
2080876
2080897
2080977
2080991
2081094
2081128
2081139
2081151
2081173
2081186
2081248
2081272
2081305
2081315
2081463
2081467
2081540
2081601
2081621
2081641
2081684
2081701
2081755
2081828
2081840
2081859
2081963
2082026
2082036
2082073
2082095
2082115
2082205
2082299
2082357
2082431
2082443
2082499
2082659
2082660
2082673
2082675
2082676
2082710
2082744
2082911
2082924
2082949
2082996
2082999
2083067
2083108
2083132
2083138
2083157
2083206
2083208
2083210
2083213
2083249
2083255
2083256
2083276
2083418
2083461
2083467
2083480
2083506
2083519
2083611
2083613
2083614
2083626
2083641
2083690
2083804
2083820
2083844
2083868
2083869
2083870
2083872
2083873
2083884
2083887
2083894
2083895
2083899
2083927
2083932
2083933
2083993
2084047
2084112
2084225
2084233
2084245
2084254
2084298
2084359
2084362
2084368
2084436
2084442
2084479
2084590
2084645
2084649
2084798
2084923
2085080
2085101
2085104
2085135
2085272
2085274
2085348
2085357
2085366
2085369
2085392
2085422
2085445
2085457
2085458
2085502
2085650
2085686
2085703
2085784
2085907
2086095
2086104
2086182
2086185
2086258
2086444
2086456
2086689
2086741
2086850
2087009
2087033
2087125
2087133
2087145
2087217
2087251
2087252
2087309
2087329
2087358
2087366
2087387
2087394
2087403
2087463
2087534
2087607
2087616
2087619
2087621
2087701
2087803
2087820
2087827
2087847
2087957
2087970
2088014
2088017
2088192
2088277
2088292
2088366
2088556
2088598
2088607
2088621
2088660
2088750
2088756
2088765
2088889
2088940
2088980
2089038
2089082
2089119
2089136
2089145
2089234
2089235
2089272
2089321
2089333
2089335
2089340
2089359
2089372
2089428
2089465
2089518
2089520
2089572
2089627
2089766
2089856
2089886
2089951
2089953
2090011
2090190
2090196
2090343
2090410
2090451
2090465
2090491
2090523
2090571
2090635
2090668
2090674
2090683
2090703
2090782
2090788
2090819
2090834
2090857
2090911
2090928
2090934
2090990
2091016
2091022
2091037
2091099
2091114
2091116
2091159
2091170
2091229
2091249
2091255
2091267
2091294
2091385
2091392
2091409
2091460
2091492
2091513
2091630
2091640
2091681
2091740
2091786
2091962
2091965
2092046
2092051
2092071
2092173
2092278
2092322
2092335
2092518
2092584
2092622
2092654
2092712
2092752
2092757
2092788
2092869
2092901
2092912
2093083
2093104
2093157
2093317
2093327
2093422
2093433
2093562
2093563
2093596
2093607
2093695
2093738
2093917
2093993
2094014
2094101
2094178
2094200
2094206
2094237
2094260
2094278
2094279
2094290
2094381
2094487
2094500
2094539
2094585
2094591
2094629
2094788
2094904
2094952
2094975
2095073
2095099
2095125
2095185
2095192
2095198
2095287
2095293
2095321
2095475
2095654
2095786
2095796
2095929
2095994
2096047
2096069
2096089
2096113
2096135
2096145
2096197
2096309
2096335
2096429
2096454
2096496
2096528
2096596
2096600
2096639
2096648
2096697
2096788
2096822
2096906
2096926
2096932
2096972
2097069
2097079
2097097
2097102
2097149
2097169
2097185
2097249
2097288
2097303
2097346
2097422
2097526
2097542
2097570
2097614
2097655
2097657
2097673
2098010
2098035
2098043
2098056
2098139
2098147
2098153
2098162
2098389
2098402
2098408
2098412
2098427
2098436
2098667
2098680
2098712
2098779
2098790
2098816
2098898
2098985
2099072
2099158
2099177
2099194
2099235
2099246
2099252
2099265
2099269
2099275
2099286
2099300
2099387
2099491
2099577
2099600
2099602
2099693
2099735
2099760
2099772
2099790
2099801
2100000
2100065
2100134
2100182
2100291
2100357
2100421
2100424
2100429
2100446
2100483
2100588
2100714
2100720
2100804
2100862
2100890
2100966
2100978
2101006
2101011
2101021
2101022
2101028
2101048
2101084
2101131
2101196
2101221
2101244
2101284
2101302
2101306
2101392
2101406
2101447
2101486
2101514
2101591
2101653
2101786
2101788
2101951
2102340
2102470
2102539
2102553
2102656
2102715
2102757
2102776
2102793
2102807
2102843
2102869
2102904
2102915
2102967
2103021
2103246
2103252
2103255
2103288
2103387
2103405
2103407
2103527
2103760
2103762
2103798
2103812
2103874
2103878
2103974
2104002
2104026
2104050
2104137
2104205
2104248
2104265
2104274
2104330
2104359
2104418
2104430
2104469
2104508
2104518
2104567
2104777
2104794
2104805
2104907
2105151
2105199
2105208
2105220
2105284
2105308
2105400
2105465
2105471
2105625
2105785
2105794
2105872
2105878
2105957
2106031
2106044
2106284
2106336
2106402
2106539
2106611
2106632
2106752
2106801
2106809
2106836
2106875
2106877
2106886
2106919
2106990
2107055
2107056
2107058
2107062
2107157
2107239
2107308
2107310
2107327
2107333
2107340
2107406
2107418
2107422
2107428
2107470
2107509
2107532
2107616
2107619
2107622
2107623
2107626
2107632
2107660
2107698
2107750
2107760
2107791
2107829
2107891
2107893
2107901
2107920
2107944
2108033
2108034
2108036
2108038
2108116
2108126
2108136
2108185
2108212
2108219
2108253
2108259
2108296
2108297
2108299
2108300
2108325
2108326
2108335
2108404
2108421
2108423
2108448
2108594
2108598
2108608
2108610
2108612
2108625
2108626
2108654
2108687
2108712
2108744
2108789
2108803
2108826
2108841
2108903
2108909
2108916
2108969
2108979
2109071
2109150
2109224
2109254
2109266
2109289
2109295
2109315
2109336
2109357
2109382
2109384
2109386
2109390
2109393
2109401
2109444
2109489
2109528
2109823
2109824
2109901
2109903
2109917
2109926
2109932
2109980
2109981
2110024
2110100
2110107
2110129
2110155
2110184
2110191
2110268
2110362
2110370
2110380
2110456
2110474
2110563
2110579
2110635
2110660
2110736
2110774
2110839
2110850
2110935
2111028
2111045
2111061
2111134
2111168
2111270
2111413
2111418
2111469
2111503
2111538
2111540
2111601
2111645
2111658
2111664
2111754
2111787
2111802
2111803
2111858
2112102
2112214
2112255
2112471
2112702
2112831
2112951
2112976
2112997
2113031
2113092
2113158
2113323
2113409
2113438
2113524
2113657
2113698
2113705
2113794
2113901
2113907
2113972
2114136
2114217
2114227
2114380
2114406
2114422
2114515
2114594
2114670
2114772
2114773
2114807
2114833
2114853
2114869
2114871
2114880
2114932
2115017
2115021
2115031
2115039
2115061
2115150
2115178
2115215
2115236
2115292
2115323
2115403
2115408
2115449
2115451
2115489
2115492
2115524
2115525
2115527
2115571
2115578
2115665
2115699
2115700
2115706
2115714
2115744
2115769
2115838
2115894
2115902
2115903
2115911
2115916
2115922
2115950
2115992
2116006
2116027
2116104
2116109
2116245
2116351
2116491
2116500
2116504
2116536
2116554
2116602
2116606
2116793
2116805
2116870
2116933
2116964
2117007
2117077
2117110
2117134
2117153
2117158
2117162
2117340
2117341
2117506
2117531
2117748
2117822
2117900
2118062
2118424
2118497
2118518
2118572
2118588
2118653
2118681
2118697
2118798
2118816
2118859
2118906
2118921
2118987
2118997
2119063
2119152
2119375
2119777
2119866
2119925
2120123
2120228
2120246
2120263
2120276
2120318
2120321
2120533
2120565
2120743
2120747
2120832
2120953
2121068
2121127
2121203
2121208
2121210
2121363
2121409
2121525
2121578
2121581
2121586
2121598
2121603
2121607
2121680
2121819
2121923
2121966
2121999
2122059
2122068
2122173
2122324
2122339
2122675
2122691
2122783
2122832
2122848
2123004
2123061
2123064
2123173
2123192
2123300
2123394
2123405
2123406
2123407
2123459
2123610
2123681
2123778
2123784
2123858
2123873
2123877
2123889
2123914
2123925
2123936
2123974
2124076
2124125
2124199
2124203
2124265
2124454
2124459
2124616
2124872
2124875
2124942
2124954
2125008
2125033
2125066
2125074
2125090
2125151
2125269
2125296
2125384
2125453
2125475
2125655
2125677
2125730
2125738
2125742
2125755
2125790
2125839
2125857
2125891
2125914
2125916
2125949
2125960
2125987
2126057
2126071
2126133
2126147
2126148
2126159
2126248
2126320
2126381
2126469
2126489
2126493
2126500
2126506
2126522
2126647
2126733
2126743
2126764
2126766
2126864
2126905
2127032
2127048
2127107
2127132
2127151
2127158
2127206
2127243
2127309
2127318
2127352
2127422
2127530
2127563
2127603
2127652
2127661
2127694
2127721
2127761
2127767
2127917
2127935
2128026
2128046
2128057
2128068
2128078
2128145
2128298
2128344
2128470
2128477
2128517
2128530
2128536
2128689
2128722
2128783
2128801
2128857
2128910
2129047
2129048
2129052
2129088
2129099
2129170
2129174
2129180
2129186
2129212
2129340
2129410
2129432
2129433
2129439
2129474
2129477
2129565
2129631
2129671
2129672
2129739
2129816
2129877
2129931
2129984
2130001
2130111
2130223
2130283
2130287
2130310
2130465
2130469
2130564
2130584
2130603
2130654
2130803
2130813
2130822
2130864
2130886
2130898
2130995
2131016
2131028
2131062
2131103
2131141
2131236
2131373
2131401
2131424
2131497
2131575
2131580
2131642
2131688
2131741
2131791
2131843
2131847
2131919
2131943
2131998
2132010
2132018
2132050
2132172
2132198
2132264
2132273
2132311
2132463
2132489
2132533
2132607
2132613
2132620
2132637
2132675
2132686
2132814
2133046
2133080
2133126
2133149
2133307
2133375
2133457
2133536
2133553
2133577
2133581
2133660
2133758
2133778
2133822
2133845
2133962
2134008
2134011
2134086
2134118
2134167
2134203
2134213
2134230
2134288
2134350
2134353
2134394
2134438
2134556
2134637
2134682
2134908
2134935
2134986
2135008
2135030
2135059
2135067
2135149
2135281
2135341
2135373
2135394
2135701
2135720
2135780
2135787
2135878
2135896
2135898
2135900
2136052
2136130
2136234
2136259
2136341
2136360
2136406
2136443
2136465
2136488
2136519
2136701
2136704
2136711
2136721
2136749
2136858
2136869
2136939
2137026
2137082
2137095
2137143
2137220
2137405
2137413
2137441
2137479
2137486
2137540
2137569
2137579
2137803
2137823
2138149
2138232
2138255
2138256
2138279
2138308
2138366
2138441
2138499
2138707
2138826
2138965
2139125
2139172
2139212
2139332
2139337
2139564
2139581
2139893
2139962
2139969
2139984
2140158
2140344
2140564
2140581
2140584
2140740
2140788
2140813
2140831
2140892
2141006
2141079
2141108
2141256
2141382
2141396
2141436
2141442
2141455
2141506
2141527
2141579
2141609
2141716
2141745
2141887
2141957
2142038
2142081
2142144
2142170
2142191
2142195
2142278
2142357
2142373
2142435
2142569
2142603
2142840
2143375
2143376
2143415
2143451
2143460
2143580
2143685
2143742
2143751
2143772
2143812
2143833
2144102
2144218
2144247
2144299
2144407
2144432
2144502
2144628
2144648
2144818
2145014
2145021
2145038
2145046
2145068
2145073
2145110
2145373
2145397
2145521
2145529
2145577
2145747
2145763
2145813
2145848
2145872
2145976
2146027
2146043
2146114
2146128
2146272
2146545
2146828
2146900
2146953
2146992
2146996
2147020
2147204
2147293
2147309
2147385
2147462
2147471
2147598
2147665
2147669
2147871
2147986
2148105
2148181
2148204
2148218
2148223
2148637
2148748
2148754
2148777
2148795
2148820
2148821
2148837
2149116
2149129
2149310
2149342
2149367
2149371
2149432
2149500
2149502
2149740
2149758
2149816
2149878
2149934
2150138
2150210
2150288
2150317
2150338
2150351
2150361
2150515
2150730
2150837
2151038
2151056
2151153
2151245
2151502
2151519
2151685
2151720
2151738
2151742
2151885
2151895
2151908
2151946
2152072
2152103
2152182
2152354
2152485
2152623
2152777
2152818
2152821
2152829
2152835
2152839
2152843
2152859
2152861
2152866
2152969
2153027
2153095
2153198
2153233
2153548
2153723
2153736
2153835
2153870
2153886
2154162
2154166
2154182
2154327
2154421
2154598
2154774
2154950
2154995
2155146
2155165
2155274
2155296
2155398
2155405
2155430
2155436
2155510
2155566
2155572
2155607
2155655
2155664
2155729
2155828
2156479
2156482
2157372
2157408
2157649
2157834
2158069
2158089
2158296
2159062
2159093
2159181
2159542
2159631
2159672
2159685
2159807
2160039
2160274
2160303
2160324
2160402
2160464
2161189
2161341
2161351
2161448
2161564
2161934
2161984
2162730
2162837
2162901
2163244
2163306
2163349
2163375
2163411
2163623
2163959
2164419
2164546
2164642
2164682
2164799
2165224
2165237
2165441
2165483
2165706
2165793
2165805
2165824
2165936
2166102
2166118
2166261
2166268
2166412
2166522
2166605
2166628
2166641
2166645
2166655
2166656
2166729
2166747
2167004
2167015
2167029
2167038
2167105
2167141
2167145
2167167
2167263
2167338
2167359
2167381
2167535
2167541
2167569
2167588
2167611
2167647
2167683
2167692
2167703
2167717
2167726
2167829
2167929
2167937
2167942
2167943
2167978
2167984
2167988
2167994
2168016
2168031
2168225
2168228
2168237
2168253
2168313
2168316
2168326
2168331
2168346
2168364
2168394
2168410
2168418
2168426
2168444
2168501
2168560
2168661
2169107
2169137
2169145
2169161
2169256
2169467
2169554
2169612
2169715
2169723
2169749
2169790
2169842
2169867
2169917
2169948
2169949
2169960
2169972
2170006
2170021
2170032
2170058
2170209
2170297
2170314
2170469
2170470
2170579
2170587
2170588
2170601
2170606
2171308
2171379
2171517
2171632
2171774
2171822
2171914
2172006
2172029
2172030
2172086
2172157
2172179
2172230
2172271
2172308
2172312
2172402
2172496
2172498
2172505
2172545
2172619
2173054
2173067
2173284
2173481
2173934
2174003
2174078
2174168
2174188
2174290
2174342
2174422
2174423
2174541
2174603
2174629
2174680
2174875
2174962
2174963
2174971
2175062
2175064
2175118
2175134
2175216
2175217
2175307
2175322
2175416
2175519
2175530
2175545
2175656
2175681
2175683
2175763
2175886
2176084
2176118
2176268
2176284
2176336
2176341
2176400
2176452
2176492
2176544
2176550
2176578
2176674
2176727
2176761
2176862
2176938
2176991
2177031
2177075
2177192
2177254
2177258
2177268
2177302
2177306
2177359
2177529
2177661
2177829
2177837
2177840
2177903
2177906
2177912
2177935
2178020
2178023
2178176
2178218
2178455
2178468
2178539
2178766
2178888
2178927
2178965
2179022
2179034
2179126
2179164
2179170
2179174
2179213
2179219
2179227
2179275
2179291
2179410
2179445
2179657
2179675
2179734
2179739
2179763
2179893
2180034
2180072
2181668
2183526
2183802
2183841
2184546
2186795
2188252
2188700
2191390
2191498
2191700
2191997
2196277
2196949
2197155
2198888
2198917
2199058
2199165
2199784
2199901
2200517
2204521
2208940
2211342
2212700
2213262
2213889
2215962
2216092
2216280
2222574
2222683
2222767
2223199
2223824
2224970
2234389
2234702
2234718
2234722
2234726
2234929
2234931
2234933
2235284
2235286
2235288
2235641
2236051
2236385
2238113
2238117
2238119
2238641
2241392
2241734
2242990
2244787
2245362
2245764
2245775
2245962
2246253
2246702
2247384
2247953
2250348
2252119
2252528
2252609
2254208
2256520
2256695
2259752
2262528
2263976
2264439
2264442
2264852
2266022
2266496
2266553
2266941
2268019
2270877
2272037
2272361
2272642
2273432
2274399
2274445
2274543
2275622
2276014
2276031
2280132
2280213
2280284
2283291
2283724
2283777
2285272
2285667
2290683
2295270
2302225
2310593
2313023
2314515
2314851
2317498
2318980
2319663
2321882
2323744
2325893
2330659
2340385
2340696
2344268
2346862
2346867
2346925
2350373
2350811
2352561
2354208
2354314
2355288
2358775
2363464
2371947
2373130
2375998
2376173
2380456
2412062
2440142
2451861
2503242
2535145
